,Sample_1,Sample_2,Sample_3,Sample_4,Sample_5,Sample_6,Sample_7,Sample_8,Sample_9,Sample_10,Sample_11,Sample_12,Sample_13,Sample_14,Sample_15,Sample_16,Sample_17,Sample_18,Sample_19,Sample_20,Sample_21,Sample_22,Sample_23,Sample_24,Sample_25,Sample_26,Sample_27,Sample_28,Sample_29,Sample_30,Sample_31,Sample_32,Sample_33,Sample_34,Sample_35,Sample_36,Sample_37,Sample_38,Sample_39,Sample_40,Sample_41,Sample_42,Sample_43,Sample_44,Sample_45,Sample_46,Sample_47,Sample_48,Sample_49,Sample_50
PROT_1,106,131.2,130.9,104.6,116.7,113.8,73.7,158.8,144,148.9,109.1,129.1,144.5,88.8,189.5,146.3,114.7,144.6,145.4,123.8,151.5,110.9,112.4,140.4,121.2,149.2,147.7,121.7,125.6,123.8,128.2,140.9,132.4,157.5,121.6,78.2,169.7,101.9,96.9,120.7,122,141.8,100.9,91.7,127.6,139,120.3,152.5,110.5,122.9
PROT_2,136.3,122.8,116.6,104.5,150.3,170.1,134.4,78.8,118.2,139.9,129.2,93.6,118.8,166.9,69.7,159.7,112.6,164.3,131,102.8,128.1,136.1,92.8,154.5,116.3,140.9,109.2,119,127.3,114.9,138.7,139.3,128,103.5,92.2,132.8,132.9,140,123.2,120.4,118.8,136.2,139.4,126.5,152.4,104,118.2,133.7,141,139.8
PROT_3,132.1,85.9,111.1,105.9,163.4,92.9,138.7,96.9,106.8,121.9,132.1,135.7,111,129.5,109.4,105.9,127,117.5,120.4,129.6,170.3,111.9,157.2,127.7,115.3,142.3,167.5,98.9,123,130.7,121,123.6,106,163.7,111.8,102.6,104,96.4,149.4,115.2,124.8,134.8,162,124.7,84.9,134.3,133.1,96.6,128.7,106
PROT_4,100.2,97.1,127.5,134.2,125,146.5,82.1,161.3,136.9,141.4,115.3,131.8,107.7,111.3,160.6,122.9,125.4,84.4,91.5,96.7,108.1,105.3,138.1,125.9,144.2,119.8,169.8,127,119.7,132.1,141.9,104.8,124,127.8,121.2,83,113,130.7,138.5,82.3,106.2,89.6,108.6,108.7,84.7,118.7,114.4,78.4,114.3,123.1
PROT_5,134.5,132.2,127,100.1,128.5,117.2,156.1,99.8,155.6,141.2,157.2,147.2,155.9,138.2,124.3,115.1,133.5,77,141.8,140.5,155.7,176.8,121.8,132.2,123.1,111.7,106.8,127.5,122.2,139.1,105,105.4,132.4,152.7,101,119.5,135,125.3,155.3,104.9,82.9,140.1,128.5,171.5,133.1,119.7,129.4,93,122.2,122.5
PROT_6,117.8,105.6,123.1,127.9,161.1,126.4,138,155,171.1,108,136.6,107,143.7,117.3,106.7,137.5,95.5,144.2,130.1,114.8,149.5,121.3,151.2,132.5,136.5,132.6,120.7,109.5,159.8,90.4,118.2,130.8,144.4,143.2,110.3,142.4,159.9,123.2,104,107.2,146.5,120.3,149.7,99.1,109.8,119.3,148.3,124,111.4,137.7
PROT_7,134.7,130.7,140.8,119.5,125.5,121.2,144.1,177.6,101,149.4,122.6,127.2,140.3,116.9,133.9,128.9,113.5,126.2,123.4,105.1,151.6,123.5,120.7,138.1,125.7,126.9,131.8,130.1,117.4,119.1,163.1,128.6,99.3,105.1,131.5,107.4,98.4,130.4,121.6,146.2,144.2,106.9,80.8,147.3,119.5,143.9,136.8,126.5,152.6,112.7
PROT_8,152.7,123.9,98.5,114.3,104.4,116.4,146.2,153.4,113.9,139.5,127.6,154.5,148.3,146.1,77,193.7,154.6,128.5,158.7,111.8,117.5,129.1,168.4,116.8,140.6,91.9,112.5,103.5,168.9,119.2,105.2,113.3,126.8,108,121.7,118.2,119.7,134.4,157.4,101.7,111.6,132,143.2,88.1,99.6,93.9,124.7,102.2,127.1,142.2
PROT_9,102.7,138.2,136.3,116.6,88,116.4,118.8,103.6,107.5,124.6,97.5,101.2,104.4,142,137.5,125.6,149.3,128.1,137.8,155.4,135,124.8,103.9,130.9,119.8,124.4,133,123.2,114.5,140.1,143.1,136.6,134.5,105.5,151.8,158.8,114.1,120,123.3,99.5,126.4,132.1,130.5,123,92.2,148.3,141.8,119.7,75.5,111.6
PROT_10,147.4,104.7,129,78.3,128.4,114.4,145.8,142,153.8,77.2,93.8,94.1,154,88.9,146,130.8,118.1,108.9,149.1,175.8,121.1,143.7,114.7,126.7,162.8,100.9,109.1,135.7,117,96.1,81.8,137.4,112.4,148.6,101.6,101,128.9,132.3,136.2,108,122.1,101.7,137.6,111.3,142.7,121.6,100.5,130.8,114.2,97.1
PROT_11,128,137,122.4,109.4,132.8,128.9,98.9,113.3,147.2,125.6,128.8,118.2,133.2,132.2,118.1,138.9,103.5,166.4,160.4,102.8,117.1,124.1,139.1,109.7,110.7,154.8,125.3,149.2,99.6,118.5,147.3,141.2,107.6,111.3,95.4,132.2,83.7,157.1,113.1,106.1,164.7,115.4,122.8,91.9,113.1,150.9,110.1,108.7,163,127.6
PROT_12,88.9,107.4,143.3,97.6,130.3,94.9,151.6,109.8,129.5,121.5,120.4,133.2,122.4,160.4,97,102,144.5,125.9,98.4,103.2,102.2,123.5,122.9,127.8,134.1,140.7,90.1,159.2,102.2,134,117.7,132.1,124,121.5,88,147.7,143.9,129.2,132.3,127.7,151.8,141.9,132,73.6,153.3,89.1,112.1,107.9,165,155.8
PROT_13,133,167.4,154.6,130.3,125.5,107.7,99.1,133.6,126.4,120,127.6,139.9,130.6,121.1,131,136.7,140.1,135.2,123.7,140.4,130.3,174.2,131.2,98.7,128.4,100.9,113.5,126.8,120.1,101.9,143.1,112.1,131.7,148,118.6,146.6,120.5,114.9,105.5,115.9,139.7,140.6,114,111.9,114.7,142.1,127.9,106.3,135.9,143.2
PROT_14,106.5,140.4,127.2,134.2,92.9,148.7,121.7,157,145.5,90.9,109.7,126,139.9,152.2,128.2,108.6,136.2,124.1,155.1,147.9,108.6,110.9,85.4,90.9,111,119.5,138.4,101.2,171.1,114.3,129.5,88.4,134.8,112.7,123.9,128.6,131.4,99.6,105.1,146.1,91.6,148.8,152.9,99.3,122.3,151.1,137.9,124.6,117.8,106.5
PROT_15,139.1,118,116.4,148.3,134.1,126.6,149.7,128.7,88,96.7,125.9,80.1,118.5,87.1,152.9,132.6,107.9,119.9,129.4,124.4,95.7,107.4,93.6,117.7,151,110.9,129.9,137.9,114.4,140.4,150.7,100.1,143.5,155.3,121.4,122.2,120.8,164.9,133.1,95.2,135,110.4,119.1,135.4,110.8,140.5,99,142.8,137.8,103.4
PROT_16,136.7,123.8,144.6,68.3,99.3,124.5,111.8,106.6,115.1,98.5,121.3,123.1,108.3,97.1,159.4,96.2,104.1,101.7,111.5,141.8,180,138.5,130.4,115.7,130,115.6,101.4,129.7,113.4,118.2,81,155.8,110.5,121.4,150.5,104.7,110.6,110,131.3,161.1,132,116.5,126,154.8,89,104.5,132,129.5,138.3,121.1
PROT_17,101.4,106.8,108.4,126,95.2,154.2,119.6,130.8,107,139,93.6,109.5,141.4,108.5,113.7,134.7,86.7,120.3,171.8,140.9,139.6,157.1,140.9,81,106.5,123.3,160.7,134.2,140.6,146.7,106,146.6,142.1,112.6,160.8,113.8,127.6,126.4,107.4,139.9,176.5,123.1,136.2,91.3,102.8,114.6,145.8,168.1,131.2,159.9
PROT_18,154.6,120.9,121.9,85.9,85.5,137.8,124.5,101.2,132,130.2,123.4,181.6,109.2,164.4,118.6,148.3,125.3,146.6,114.3,115.8,121,151.8,143.9,111.4,133.2,92.5,117.5,136.6,127.1,112.1,130.5,125.7,132.6,126.8,136.9,130.4,127.7,98.8,120.8,111.6,84.1,141.9,138.8,144.3,119.4,136.6,113.9,131.8,111,113.8
PROT_19,73.3,143.6,109.4,109.5,120.9,122.6,107.5,130.4,125.8,128.7,151.9,122.2,117.1,134.9,109.2,109,137,127.6,148.4,119,135.6,109.7,117.7,139.6,103.6,130.6,102.6,129.9,129.7,112.8,103.2,113.2,114.6,95.1,119.1,154.3,100,119.5,139.9,104.2,145.6,109.8,108.3,138.5,98.2,128.5,108.6,98.7,98.6,117.9
PROT_20,171.1,133.9,104.1,140.9,101.4,131.8,116.4,99.8,124.1,131.6,93.3,122,142.5,90.6,101.3,136.5,117.3,108.2,141.1,146.7,103.3,112.7,118.4,123.1,119.5,122.3,87.5,101.9,112.3,90.9,98.2,162.8,138,140.3,144.2,131.4,123.1,125.9,115.1,123,105.7,116.5,133.7,130.4,179.2,117.3,116.2,134.4,110.8,101.6
PROT_21,92.6,111.5,124.5,126.2,154.6,96.4,131.8,101.7,103.3,140.5,80.3,150.3,115.2,143.8,152.2,101.3,87.7,72.2,127.9,134.5,116.1,138.1,131.8,155.2,123.3,133.6,114.9,173.3,127.5,98.5,83.4,143.8,138.9,133.2,92.1,135.5,158.6,146.8,137.4,128,103.6,92.6,120.9,121.5,134.6,121.5,114.4,130.5,121.2,145.4
PROT_22,129.4,118.1,149.5,101.8,118.5,69.8,144.4,139.3,173,127,98.4,130.3,161,151.8,122.6,128.3,149.4,105.8,119.8,109.7,155.7,107.8,124.9,90.2,119.3,93.8,136.3,122.2,110,117.8,113.4,116.9,135.7,133.3,142.9,138.3,121.5,127.1,143.8,140,152,146.3,101.8,104.3,159.2,115.7,125.5,159.7,118.2,163.1
PROT_23,133.7,102,97.2,102.3,124.6,127.3,121.1,113.7,121.4,148.8,130.8,149.7,116.6,83,105.3,127.3,114.3,148.1,136.7,148.5,133,115,109.9,156.8,113,131.8,103.5,139.2,134,114.2,143.4,134.4,182.4,95.8,145.9,61.2,125.1,152.2,93,153.4,151.1,147.6,109.1,110,104.9,123,114.4,124.8,127.1,107.3
PROT_24,149.6,124.6,135.9,142,152.2,74.2,154.7,130.7,124.7,107.8,110.1,108.7,122.3,145.2,122.4,108.1,90.1,161.2,130.9,153.9,90.3,117.5,125.3,129,116.9,128.5,133.1,107.5,135.9,141.3,122.9,154.1,113.7,138.2,109.9,141.8,129.1,113.5,166.4,117.5,160,145.1,94.4,139.9,86.5,111.2,127.2,90.9,80.1,125.1
PROT_25,103.7,103.1,166.6,125.2,142.1,124,138.2,137.5,111.3,143.8,165.1,139.2,127.6,117.5,158.2,73.3,128.8,148.9,161.8,124.2,129.9,117.3,85.7,130,139,90.7,155.4,123.6,144,129.6,125.1,148.1,112.4,104.9,89.5,126.5,99.1,64.4,102.5,138.1,152,126.5,134.8,88.6,129.4,148,149.3,92.6,122.4,118.4
PROT_26,151,134.1,127.5,132.8,138.3,112.2,117.8,102.9,137.7,164.6,138.2,153.7,132.8,116.3,134.3,132.3,140.1,94.5,123.8,111.6,116.3,135.1,113.6,94,91.4,91.5,130.2,107.4,105.2,118.4,129.5,158.1,117.3,108.1,92.6,126.3,119.4,100.8,111.1,142.1,127.3,178.9,129.7,107.6,155.1,116,85.1,122.7,124.2,80.4
PROT_27,186.8,129.7,122.7,131.1,127.8,120,129.1,151.4,118.9,142.3,146.5,118.2,111.6,130.1,126.1,118.7,109.8,144.1,139.1,97.7,97.7,86.8,144.5,133.3,112.7,153.7,107.7,124.9,140.6,110.9,86.6,122.3,125.2,126.1,127.8,137.2,129,121.4,118.5,101.7,135.7,142.4,92.7,153.4,121.6,104.6,115.8,140,95.9,91.2
PROT_28,132.1,144.8,136.6,146,95,131.1,110.3,121.3,167.6,149.7,159,109.9,150.7,96.5,150.2,108.8,122.1,107.4,116.3,122.4,120.9,142.5,82.1,135.3,141.7,112.6,138.2,149.6,110.1,143.3,133.6,133.3,94.5,106,136.2,103.9,126.6,106,137.6,137.7,125,149.6,146.2,143.4,176.2,134.7,122.3,142.9,100.6,118.5
PROT_29,116.9,95.6,115.1,94.6,125.8,95.3,140.1,80.6,159.4,127,117.4,110.9,100.6,108.5,112.8,136,133.8,104.3,131.8,109.3,94.9,121.4,111.3,129,97.1,93.3,156.9,126.9,111.4,149.1,142.5,151.1,124.1,160.3,145.7,140.4,130.5,121.9,126.5,101.2,139.6,127.5,114.4,142.1,105.8,142.4,109.3,116,157.6,125.9
PROT_30,133.3,117.4,110.6,123.6,137.6,110.7,114.6,101,115.4,127.3,119.3,118.4,162.2,161.8,125.8,69.7,161.1,125.2,132.2,115.6,126.2,152.6,113.4,146.8,114.1,121.5,152.9,131.7,124.3,166.6,146.1,136.7,127.3,98,138.9,118.7,132.6,143.2,102.9,137.4,141,111.9,134.5,141.7,100,124.9,126.8,100.9,122.5,115.4
PROT_31,155.3,96,116.1,125.4,96.6,166.8,100.1,135.9,107.3,140.5,84.9,81,133,145.2,117.5,98.3,118.6,123.2,155.3,118.6,113.4,131.7,118.1,98,144.9,111.5,110.9,139.6,56.7,112.9,117.1,161.6,127.3,115.4,140.2,115.2,159.1,140.7,118.2,124.8,121,130.7,149.2,154.2,158.5,150.7,181.4,99.4,86.8,103.1
PROT_32,119.2,90.4,113.4,110.3,151.8,139.5,147.4,125.4,146.9,113.8,107.1,112.3,133.1,142.5,131.5,115.3,92.9,139.9,118.6,163.8,127,124.6,133.8,159.1,115.8,161.4,113.2,132.4,111.6,104.6,111.7,108.8,146.4,108.9,147.4,155.9,100,136.4,147.8,117.7,123.9,161.8,125.8,79.4,168.6,105.2,136.5,71,144.7,119.3
PROT_33,118.9,119.5,144,109.7,140.2,164,120.3,112.2,146.3,135.2,104.2,140.8,102,159,129,122.7,131.5,119.2,124.4,98.8,142.7,141.4,120.4,128.9,117.8,144.9,104.6,96.5,114.4,131.6,137.7,130.8,97.7,137.8,109.6,110,109.5,138.5,101.8,111.7,116.6,104.8,144.2,137.7,86.9,80.2,114.6,114.6,150.5,112.2
PROT_34,113.9,154.9,123.7,113.4,134.3,116.4,126,137.6,149.8,147.5,109.1,132.8,122.2,122.9,107.7,118.7,120.7,144.4,107.9,112.4,156,152.9,106.9,106.9,136.4,143.7,124.2,135,122.9,101.6,135.5,122.9,111.9,126.9,136.2,114.9,99.9,137.4,133.5,125.8,133.7,117.5,111.1,161.6,124.8,130.2,91.5,84.2,128.1,129.8
PROT_35,110.9,124.7,138.7,132,122.2,102.9,114.8,100.3,110.3,116.4,121.3,104.5,102.4,160.9,134.8,129.4,124.7,81.4,110.6,130.7,145.3,126.9,100.6,112.4,113.1,144.2,157.3,127.3,80.7,127.9,123.5,122.8,117.5,148.4,152.4,126.4,120.6,128.9,150.9,143,151.4,97.3,158.4,139.5,136.4,101.5,140.1,106.3,118.2,129.8
PROT_36,136.8,139.3,135.6,124.1,105.3,122.4,132.3,117.4,120.2,160.7,109.2,103,122.6,129.6,143.8,134.2,144.3,137.2,102.7,102,86,141.4,140.9,161.5,144.9,125.2,110.5,121.6,139.1,103.9,134.2,127.1,92.2,107.3,83.6,130.6,72.9,90.7,108.7,154.3,112.2,102.5,119.9,116.1,104.5,107.9,119.1,101.6,108.3,129.9
PROT_37,97.7,92.5,125.9,104.4,146.7,131.8,124.1,125.6,103.9,129.9,147.9,108.4,93.1,101.5,117.5,163.4,143.5,142.1,116.3,126,101.6,160.2,145.9,89.2,127.8,108.4,123,140.2,122.5,142.8,132.5,137.5,93.1,134,150.8,104.3,142.9,158,130.5,132.4,163.5,143.3,95.4,118.8,133.7,138.5,122,141.3,124,175.9
PROT_38,159.4,102.3,143.5,140.8,110.6,102.5,137.7,140,140.9,127.9,144.3,141.9,112.8,110.9,153.6,135.7,109.2,138.4,121,98.6,127,142.2,126.9,72.8,149.8,117.3,142,160.4,147.3,91.5,117.3,144.6,89.7,130.9,162.9,97.1,113.6,105.8,96.1,158.1,104.4,136.3,146.2,112.3,81.8,114,139.4,112.8,130.5,147.9
PROT_39,105.8,108.9,122.8,125.7,124.3,118.4,131.6,162.3,122.8,135.9,124.9,130.9,118.2,134.8,143.3,152.5,164.6,111.4,124.8,103.6,158.4,87.3,140,123.9,112.4,132.5,126,113.9,159.7,119.5,129.8,106.4,144.3,125.8,159.6,87.7,127.1,79.8,116.7,130.9,152.6,119.6,121.9,118.2,114.6,131.2,119.5,118.7,119.6,135.2
PROT_40,114,134.3,129.1,122.8,143.9,88.8,148.4,127.3,119.9,97.2,136.3,118.8,148.2,140.8,149,130.9,135.9,98.1,149.1,120.2,135.8,114.3,123.3,142.8,121.6,94.6,93.9,143.5,108.1,85.5,104.5,150.9,96.7,109.8,116.2,128.8,127.6,136.3,114.1,107.4,117.7,100.7,151.4,119.2,134.3,109.2,126.4,133,99.8,143
PROT_41,127.9,162.6,139.7,85.9,145.7,163.9,96.8,160.4,92.3,156.4,151.1,130.7,117.5,126.4,123.1,134.7,142.2,96.7,106.7,77.1,138.5,119.1,145.9,121.7,109.8,151.3,84.2,147.4,111,117.7,117,146.7,121.5,123.6,140.1,88.5,88.6,107.7,81.5,139.9,138.8,138,136.6,139.5,114.1,142.8,123.7,87.6,126.2,107.4
PROT_42,93.4,136.4,125.8,113.5,139.3,131.2,136.8,161.5,125.3,157.3,125.3,139.3,95.6,141.9,120.6,124.9,125.6,127.2,122.6,135.9,116.4,152.2,130.8,115,134.5,119,129.6,103.5,131.4,129.8,130.5,97.5,139.4,147.4,110.6,135.4,143.5,103.9,135.2,149.4,131.1,93.3,99.5,115.3,92.4,121,127.1,140.5,129.3,116.9
PROT_43,136.4,128.5,113.9,91,166.4,119.3,142.3,95.5,124.9,134.8,97.7,130.2,115.4,153.6,110.4,136.4,106.5,149.9,147.7,90.1,109.8,101.1,157.6,143.1,120.9,131.8,125.4,109.6,133.5,121,134.3,141.3,86.5,126.3,148.4,105.6,145.1,149.4,98.5,94.4,138.4,109.7,146.8,108.3,107.9,120.6,115.3,107,132,108.4
PROT_44,119.2,122.7,133.6,173.8,127.6,154.1,90.9,152.2,130.9,119.8,108.6,100.8,107.8,152.5,179.9,114.8,111.2,127.4,117.2,127.3,141.3,119.2,94.7,133,116.2,162.1,130.2,97.5,123.7,111.3,112.8,144.6,105.5,122.4,73.5,164.5,141.8,122.6,106,114.2,127.7,87.4,141.7,135.2,136,128,133.9,110.5,148.7,140.4
PROT_45,118.5,95.2,144.1,99.6,145.9,152.8,138.9,108.9,128.4,120,112.6,126.8,126.4,102.2,117.9,132.4,121.4,134.2,117.5,117.3,116.1,93.4,146,154.6,145.5,97.5,152.1,162.2,108.9,111.2,154.5,170.6,111.4,176.1,94.7,107.3,149.1,127.2,157.6,151.7,129.4,156.3,82.5,76.3,112.6,129,142,113.5,134.6,103.9
PROT_46,126.8,125.9,111.1,114.1,153.1,123.5,113,104.5,122.5,137.8,115.1,121,107.3,104,166,146.3,96.7,153.3,86.7,114.4,100.5,150.4,134.4,161.1,98,121,128.4,130.8,125.3,96.5,138.1,104.8,109.6,128.6,156.9,111.5,112.6,97.5,154.1,121.3,158.3,130.5,123.9,142.7,104,103.3,124.2,110.3,113.6,126.7
PROT_47,105.9,120.3,138.4,149.6,115,148.8,104.3,141.3,138.2,124.4,126.9,140.1,81.7,119.1,121.7,111.5,157.5,109.5,154.4,126.3,100.8,113.9,123.1,119.6,154.9,147.7,118.8,157.9,113.9,172.1,169,130.5,148.3,151.9,120.4,153.7,157.7,79.8,139.5,128.1,140.3,149.2,115,152.4,136.7,110.4,120.8,113.2,159.5,165.3
PROT_48,119,151.6,145.5,161.5,123.5,110.7,164.2,136.2,152.7,133.6,120.6,140.4,123.2,137.1,163.2,144.6,140.5,148.6,138.7,117.8,99.8,150,104.8,109.6,107,107.9,107.4,95.9,124.4,132.3,138.5,112.9,127.7,94,170.7,162.7,118.7,120,136.5,137.4,95,115.3,141.7,131.4,126.5,126.4,128.9,145.6,163,148.2
PROT_49,156.5,104.1,137.4,112.1,118,124.3,139.2,153.8,85.8,130.1,125.6,87.3,129,124.6,137.6,80.3,152.2,121.4,128,136.3,121.9,119.1,166.8,118.6,142.3,149.3,81.8,139,122.4,150.9,139.9,133.3,116.1,107.9,124.8,126.1,124.2,123.4,134.9,113.4,132.2,128,144.2,121.1,111.6,156.3,128.5,90,107.4,134.6
PROT_50,110.4,105.6,146.1,84,100.4,132,102,115,123.2,135.5,113.2,82.9,112.2,131.6,114,132.2,154.8,98.4,116.9,149.5,119.4,118.9,130.7,132.3,155.7,158,115.7,167,116.2,135.6,122.6,109.4,122.4,119.7,129.3,146.4,147.1,139.4,116,159,101.6,116.3,108,100.8,120.7,136.1,144.7,118.3,73.3,147.3
PROT_51,133,81.3,87.8,150.4,97.6,144.3,128.1,118.1,108.5,129.2,97.2,97.2,107.3,118,99.3,131.3,133.9,146.6,116.7,128.9,125.2,122.9,121.3,110.4,124.2,112,158.8,113.9,159.3,113,109.6,138.9,142.1,138.3,113.4,117.7,138.4,117.2,126.9,149.8,124.5,173.3,127.3,112.2,93.7,136.4,114.8,128.9,144.4,118.8
PROT_52,140.3,130.6,135.3,116.5,126.2,138.1,122.9,148,116.8,140.3,119.3,157.2,132.3,131.3,123.4,115.3,106.8,135.9,145,140.9,154.5,141.9,129.9,118.1,142.2,131.1,133.8,118.9,124.1,162.4,141.1,110.4,106.9,146.4,89,139.5,137.5,106.5,136.3,103.3,137.6,114.6,145.4,137.1,154.9,145.8,106.2,105.1,122.5,101.4
PROT_53,117.8,109.4,141.5,118.3,125.8,118.5,158.3,123.3,92.5,155,145,95.7,153.3,107.3,131.9,79.6,113.8,106.8,139.1,153.8,85.6,124.1,97.2,133.2,133.1,140.1,153.1,145,128,83.2,121.5,91.4,119,130.9,139.7,147.1,136.4,143.2,135.4,146.3,148.6,128.4,115.2,133.7,121.6,123.5,99.6,140.2,149.4,161.3
PROT_54,117.7,107.7,121.4,170.9,98.1,113.2,91.2,126.6,163,128.3,129.4,147.2,117.4,124.3,117.8,110.4,94.2,125.2,103.1,130.5,127.4,96,110.6,111.7,135.3,132.3,100.3,138.5,124.5,129.3,131.7,119,118.2,122,120.1,115.3,121.6,136.5,76.5,172.5,118.6,95.7,111.9,119.3,139.1,128.7,113.2,128,148.3,108.9
PROT_55,129.9,117.6,86.4,138.9,142.5,127.6,140.3,133.4,134.9,133.4,98.7,96.7,122.1,141.9,146.2,129.1,128.5,132.7,108.9,135,136.3,149.2,122.8,104.1,146.3,143.9,111.5,133.8,115.6,88.2,153.1,121.9,136.5,123.2,143,148.2,148.4,74.6,134.6,134.2,125,101,156.6,129.2,142.1,120.2,164.2,114.5,133.2,112.3
PROT_56,104.7,138.4,129.7,150.2,138,146.4,133.5,131.5,154.3,128.9,126.7,120.6,116.6,130.7,140.5,148.4,106.8,99.7,134,138.5,70.6,136,100.5,121.8,120.3,113.2,138.1,131,112.3,110.9,165.6,127.8,94.1,108.4,87.8,111.5,144.4,119.8,109.1,121.2,156.8,112.9,139.7,111.4,125.4,151.9,157.3,98.2,144.8,138.7
PROT_57,148.2,126.8,132.3,93.3,134.5,113.1,104.7,114.2,148.7,148.8,146,145.6,110.5,115.3,158.1,132.8,118,138.2,137.6,85.6,132.7,143.2,126.6,111.4,158.2,94.6,121.5,143.5,145,136.1,142,90,106.5,102.6,104.8,142.9,129.1,121.6,138.3,108.3,134.1,164.4,206.9,139.9,104,110.6,135.4,115,114,110.3
PROT_58,125.7,129.8,123.4,154.5,127.5,142.3,144.5,100.5,113.9,124,112.3,118,120.3,124.2,134.3,106.4,121.9,100.2,111.2,139.1,146.8,127.9,136.5,112.9,116.8,104.7,102.6,112.7,147.5,134.3,143.1,139.2,159.9,147.3,116.1,109.1,125,96.7,74.4,112.7,103,92.4,118.3,161.8,124.2,131,134.7,117,129.5,121.9
PROT_59,115.8,114,119.3,120,91,101.4,143.7,135.9,138.7,73.4,135.2,135.1,104.6,143.2,139.3,162,122,161.5,136.2,161.5,119.8,129.9,99.5,135.6,152.2,121.8,110,111.8,132.8,154.4,129.6,104.8,128.6,139.6,150.4,179.4,123.9,102.7,97.9,100.6,109.8,153.3,135.3,113.6,144.1,79.5,97.9,165.7,128,138.6
PROT_60,113,96.4,109.9,112.6,131.4,131.9,162.6,122.6,137.7,125.2,114,122.9,80,107,158.1,148.1,135.8,150.1,114.3,141.1,162.4,136,141.8,129.8,130.9,85.9,178.6,139.3,139.5,126.9,120.3,138.9,129.8,122.7,119.8,112.3,111.5,117.8,106.8,103.9,118,117.7,137.2,98.6,113.8,116.9,181.7,128.4,132.4,142.3
PROT_61,121.4,158.3,95.1,100.9,105.5,133.8,141.7,89.4,115.6,152.4,158.3,121.4,112.5,93.8,102.3,157.4,131.3,130.5,107.9,128.6,132.2,134.3,86.2,113.7,139.5,94.2,114.3,93.6,137.4,127.4,136.7,148.1,158.9,99,120.4,89.7,92.7,138.4,146.1,105.1,171.9,114.3,122.6,134.9,144.5,91.4,99.9,140.6,114.9,128.9
PROT_62,105.8,117.8,121.8,155.7,96.8,122.9,125.8,96.3,129,112.9,138.4,115.8,133.7,87.5,118.9,153.7,96.6,94.7,136.6,106.6,150.5,125,117,116.4,121,137.2,150,158.5,162.1,153,119.1,158.6,149.7,96.8,106.8,125.9,132.8,90.9,120.2,121.7,135.2,140.8,130.4,126,138.3,136,136.1,107.3,130.7,140.9
PROT_63,125.6,125.1,147.3,117.6,105.5,93.2,138,121.9,137.3,125.6,132.4,118.1,89.5,135.3,91.3,107,120.9,136.1,185.6,107.4,102.1,103.5,132.2,112.8,115.7,104,94.7,102.6,129.9,97.9,77.2,152.3,147.3,110.4,109.8,112.4,97.3,98.7,164.4,158.6,134.4,129.3,107.8,119.3,105.3,153.4,142,145.7,89.9,117.9
PROT_64,120.8,130.2,152.2,139.3,116.7,76.4,152.1,104.2,130.5,125.6,115.4,110.6,105.8,119.5,168.9,123.6,154.8,76.5,101.6,93,143.9,119.8,126.6,88.5,118.5,138.2,103.3,133.6,119.9,92,142.4,119.2,90.8,132.6,97.6,135.1,167,138.4,143.2,105.8,133.2,132.3,113.7,142.1,104.7,130.8,144.4,139.1,124.7,94.8
PROT_65,151.6,93.5,126.7,94,141.3,120.6,124.2,134,98,89.4,128.2,128.6,132.5,134.6,131.4,103.9,92.9,138.8,136,135.2,120.1,89.2,124.6,112.7,127.1,131.9,106.4,145,131.9,118.3,134.3,139.2,125.8,120.6,116,142.7,116.3,101.9,162.4,119.4,128.4,176.8,159,106,80,124,157.7,154.8,157.1,90.1
PROT_66,109.4,115.1,111.4,122.9,121.4,102,162.5,94.8,141,132.9,134.3,110.2,151.2,163.3,133.3,124.9,144.2,143.4,98.9,89.4,119.9,137.7,130.2,124.1,132.6,124.8,130.8,121.9,109.4,110.1,86.6,158.2,137.2,99.4,163.4,143.4,157.5,137.9,105.1,139,123,118.8,146.1,114.1,140.8,125.6,118.1,157.5,82.4,152.8
PROT_67,138.5,136.6,117.1,127.7,109.6,114.2,130.3,97.1,162.3,142.1,127.3,92.3,132.9,134.6,116.6,108.5,102.1,122.7,119.5,119.3,112.5,116.3,137.5,104.2,136.4,122.4,118.3,122.5,119.4,117.9,112.9,123.3,102.2,114.4,127.8,103.3,142.4,124.6,98.7,135.2,78.2,132.6,140,104.9,106.1,108.5,139.7,82.1,133,145
PROT_68,109.2,110.1,125.4,110.1,132.7,80.8,130.4,147.9,110.9,120.9,134.1,137.7,121.7,99.1,85.6,108.9,119.2,139.1,144,105.6,164.5,101.6,140.5,114.5,108.1,131.1,113.2,141.9,109.3,142.7,96,49.2,153.8,123.3,143,129.1,138.8,124.3,95.3,105.4,138.7,140.9,148.6,147.8,129.7,147.9,134.6,161.1,137.5,132.3
PROT_69,100.8,119.7,118.1,136.6,112.4,133,126.4,138.3,133.9,112.7,125.3,127,161.5,167.8,124.9,86.2,156.6,97.1,137.2,137.8,132.6,116,129.4,113.1,78.4,109.6,137.6,102.1,129.9,117.3,164.9,126,117.8,130.3,129.8,119.2,155.8,126.4,162.8,127.6,123,107.7,121.4,117.6,102.3,108.7,110,122.9,159,99.8
PROT_70,146.4,165.6,101.3,111,122.6,148.3,128,103.9,127.4,98.9,147.2,121.5,125.4,120.5,127,133.9,105.5,103.5,189.4,112.1,106.8,152.8,167.8,95.9,127.3,91.6,81.8,160.9,123.9,139.4,133.3,137.1,97.3,150.8,168.7,159.6,95.2,100.7,130.3,111.8,145.3,143.6,153.7,93.1,90,124.2,132.3,125,103.9,116.8
PROT_71,132.1,144.6,115.3,139.4,120.9,117.2,106.8,83,153.6,99.4,129.4,152.1,133.9,146.5,136.8,110.4,127.5,136.4,114.2,150.9,121.8,130.7,114.8,109,108.1,168.9,80.1,135.3,100.4,152.8,112.3,161.2,104.1,114.1,122.8,142.7,115.2,107,110.9,118.1,149.6,119.1,148,80.6,110.5,145.3,114.5,113.4,90.4,124.4
PROT_72,136.6,121.2,106.2,78.1,121.8,152.9,139.4,139.4,121.4,137.9,132.3,150.1,117.6,114.9,106.1,127.3,105.3,140.1,127.1,121.4,149.1,158.9,105.5,129.7,161.2,110,119.7,117.5,125.4,161.8,152.5,91.1,105.1,97.2,109.5,110.2,167.3,109.2,140.3,136.3,111.8,120.2,129.8,87.4,117.6,108.2,119.9,112.6,130.8,150.6
PROT_73,120.1,135.3,117.5,115.6,113.3,116.3,143.8,111,137.3,97.8,119.3,134.8,176.1,82,130,148.9,144.5,89.2,96.9,111.3,119.9,131.8,150.3,117.3,96.2,149.7,150.9,141.3,145.7,144.9,146,93.1,115.6,124,161.5,143,127.7,105.3,94.2,97.8,71.8,136.6,139.1,146.6,85.1,104.3,166.5,122,111.9,97.9
PROT_74,134.1,122,141.9,132.5,123.5,101.7,104.8,103.9,134.8,119.1,80.1,115,137.9,114.8,125.3,143.5,104.9,138.6,154.4,150.6,137.5,96.4,79.9,112,125.7,142.1,112.4,138.6,121.7,115.4,125.6,141.9,130.8,124.8,141.7,93.1,136.6,112.1,116.9,154.2,146.7,120.3,105.1,171.7,106.7,106.5,134.7,125.3,126.4,142.6
PROT_75,87.5,147.7,128.5,125.6,141.3,98,98.3,149.2,139.7,146.7,140,98.3,79.8,112.9,91.9,148.7,120,138.5,112.1,139.4,95.7,139.3,121.6,128.5,108,142,139.5,138.2,130.5,167.9,148.7,92.4,128.5,122.7,160.1,116,157,134.4,137.1,156.2,102.2,155.5,149.7,130.9,149.1,129,119.2,103.7,117.7,95.1
PROT_76,165.5,90.8,133.7,110.9,146.9,115.3,135,85.1,111.6,141.6,161.5,102.4,117,120.7,127.6,150.8,157.1,131.3,96.7,98.5,129.9,96.6,131.6,93.5,131.5,92.2,116.7,124,111.5,107.1,122,121.5,93.1,98.6,100.1,134.2,149.3,126.4,104.2,133.7,89.4,118.4,151.7,121.2,91.5,105.9,116.7,133.4,117,118.1
PROT_77,102.7,83.6,122.2,141.9,118.6,103.3,122.9,150.2,117.4,142.3,123.7,145.4,128.3,139.1,110.9,144.2,148.7,125.5,124.9,74.1,142.4,157.6,113.9,127.5,143.2,129,104,130.4,106.3,105.1,134.6,101.8,166.9,91.4,120.7,104.7,108.3,148.8,114.3,129.7,98.5,169.7,89.2,132.6,133.8,91,149.8,160.3,117.7,107.9
PROT_78,103.7,152.5,131.5,125.3,155.8,123.3,95.4,132.4,121.3,94.7,158.9,143.8,135.4,121.4,124.1,124.5,101.4,117.8,114.1,121.3,160.2,103.4,132.2,119.1,153.8,122,119.1,102.7,120.6,131.6,144.3,101.6,114.6,131.5,133.4,134,124,117.8,136.8,114.3,83.3,105.4,125.4,117.3,102,132.1,120.6,135.7,129.5,145
PROT_79,107.4,129.7,114.6,107.2,109.5,129.3,112.7,120.2,97.3,135.6,136,135,128.9,150.7,113.2,93.3,124.6,147.6,130.1,130.2,103.8,135,118.1,138.3,131.6,169,145.7,126.8,108.9,133.1,118.8,115.6,113,136.5,100.8,92.8,118.9,122.2,130.7,121,129.9,104.7,112.4,76.8,79.8,120.9,143.2,122.8,135.6,160.7
PROT_80,96.4,124.9,125.7,104,107.2,95.6,122.3,130.3,94.7,113.9,96,135.9,129.7,142.5,100.2,95.8,106.8,85,149.6,107.7,121.8,127.1,137.7,134.1,145.4,127.6,158.1,129.4,120.1,117.6,110,124.8,134.6,181.2,141.9,129.3,137,112.3,124.6,123.9,123.6,113,138.6,104.9,83.4,148.9,157.3,132.5,117.1,131.1
PROT_81,120.7,110,111,130.2,139.2,129.9,123.9,121.2,92.5,114.7,91.8,121.3,90.5,108.2,131.6,120.4,76.2,163.4,130.5,146.3,139,127.9,94.9,115.7,129.1,90.5,99.9,113.3,137.4,139.1,105,154.5,141.7,88.5,125,125.1,130.5,113.5,88.4,146.7,129.2,107.2,116.6,156.4,135.7,92.5,96.9,95,87,154.7
PROT_82,108.5,108,95.3,138.3,109.4,119,133.1,106.1,134.5,120.5,141.3,152.1,106,77.3,130,112.1,94.8,149,122.1,128.1,100.2,117.8,149.6,119.8,131.7,89.1,116.2,120.6,129.6,110.5,163.1,107.3,100.5,149.7,151.2,120.5,126.8,145.9,163.6,140.6,109.8,154.8,113.3,141,133.5,136.9,118.6,130.8,130.8,112.8
PROT_83,162.4,121.4,110.8,142.5,143.7,131,126.8,106.9,104,118.4,139.7,106.3,176,123.4,98.5,108.3,116.4,113.3,174.2,128.3,129.2,100.3,123.3,157.4,146.2,132,109.6,125.1,92.9,123,138.6,142.2,125.8,126.9,124.1,124.1,97.1,128.4,91.3,125,124.6,145.8,143.7,122,118.4,123,139.6,118.9,131.7,172.7
PROT_84,102.9,91.3,131.6,140.2,138.4,141.2,153.9,146.1,122,110,161.8,133.1,102.7,115.8,94.1,106.5,137.9,132.5,135.8,134.7,120.3,141.5,117.7,122.5,106.1,104.4,134,93.5,111.1,122.5,147,92.5,144.5,158.1,145.9,157.1,169.7,121.8,150.2,153,132.5,96.1,109.9,127.3,145,107.8,117.6,125,117.4,138.6
PROT_85,106.9,121.3,96.4,116.4,144.2,104.6,174,131.1,144.9,77.1,129.9,99.7,131.2,112.6,164.9,103.5,109.3,121.1,128.7,155.7,109.1,117,144,122.1,104.2,150.6,121.9,92.3,116.5,112.2,111.6,148.2,87.6,148,128.1,120.5,139.6,91.9,113.9,129,115.8,153.1,141.4,120.5,107.2,132.2,120.9,120.2,72,136.1
PROT_86,113.1,118.9,122.2,151.1,161.2,128.3,116.9,110.5,96.3,147.8,133.7,137.4,119.8,114.5,149.9,93.9,115.8,120.3,164.9,88.5,116.1,111.1,115.2,141,152.1,104.3,153,124.6,161.7,152.3,94.3,127.4,140.9,95.9,112.8,119.9,85.7,106.5,133.9,107,140.7,108.8,137.1,128.7,105.7,110.7,115.8,75.3,102.8,99
PROT_87,79.7,151.8,103.7,118.4,122.9,134.6,120.8,124.6,136.4,182.5,120,144.1,91,132.5,110.9,97.3,104.5,144,117,115.1,88.9,92.7,156.1,140.3,163.3,110.7,132.7,128.7,155.6,124.1,116.3,130.3,87.2,143.4,137.3,94.7,139.9,120.5,142.3,131.2,107.5,94.4,157,110.1,159.4,102.7,150.4,146.3,129.6,99.2
PROT_88,135.8,143.8,120.2,102.8,92.4,128.7,111.9,151.8,129.6,89.8,131.4,112.1,143.6,170.3,89.4,130.2,113.2,120.9,170.7,134,99,126.5,156.2,108.6,153.6,126.3,148.5,133.7,126.5,112.6,101.1,90,126.1,101.7,110.2,76.2,143.8,93.1,112.6,112.8,107.7,135.9,92.1,99.5,124,147.9,125.9,153,123.8,115.9
PROT_89,139.1,119.5,134.2,137.3,149.5,93.8,118.7,110.6,114.1,132.7,111.6,133.8,116.4,138.3,177.3,129.5,88.5,144.6,128.3,127.3,139.3,121.9,148.3,112.9,152.3,115.9,86.9,110.9,165.1,94.4,111.7,131.6,110.2,127.3,138.8,151.5,109.3,110.8,128.7,118.1,140.2,132.5,126.6,164.8,115.7,100.8,122.1,126.4,128.2,89.4
PROT_90,96,149.4,96,122.4,145.1,100.6,119.1,144.2,145.8,125.6,114.1,116.2,135.6,140.6,153.5,122.4,130.2,128.1,116.5,113.7,97.4,145.9,105.8,110.4,118.8,128,146.5,120.4,114.8,110.2,129.8,122.5,122.2,100.3,188.4,151.3,142.5,105.3,94.6,126.1,139.9,113.1,122,82.3,166.3,127.8,134.5,116.1,154.6,139.2
PROT_91,103.3,143.4,98.1,116.7,101.9,123.9,133.3,151,154.1,160.8,127.1,134.6,135.5,88.5,127.7,146.3,142.5,81.1,114.7,82.7,111.7,119.7,120.9,109.6,141.8,135.8,129.2,99.8,129.4,139.7,102.8,136.4,169.8,126.6,131.3,105.3,133,119.4,160.5,124.8,144.9,165.2,91.2,141.2,106.4,113.3,108.6,93,158.2,119.3
PROT_92,113.7,154.8,128.9,146.8,102,108.2,161.6,152.6,117.9,121.6,112.4,114.4,93.2,108.3,114,83.2,130.5,86,102.2,140.2,146.9,118.5,108.9,95.2,114.9,107.3,105,128,142,146.1,130.2,120.7,148.1,112.1,129.5,112.8,147.2,161.3,123.4,92.1,91.5,118,141.5,146.3,174.2,105.7,147.9,123.2,128,120.6
PROT_93,134,100.9,126.5,131.9,121,127.8,118.5,160.3,119.9,95.1,118.5,115.2,121.6,138.5,88.8,126.3,151.4,119.7,112.6,127.3,119.4,116.6,105.5,72.7,123.7,116,108.5,83.6,114.1,105.7,122.5,110.5,157.7,103.1,105.3,87.7,91.4,114.1,147.9,152.7,152.4,93.8,113.1,120.4,104.7,123.1,126.1,131.8,132.5,141.3
PROT_94,143.3,152.4,94.4,104.3,150.6,118.4,137.8,128.4,127.4,87.2,160.5,115.3,140.8,125.6,89.2,142,116.8,137.7,138.8,104,147.5,89,138.7,134.7,133.4,114.8,115,127.7,150.7,141,109.5,124.9,143.7,79.8,95.7,164,104.5,125.3,140.7,121,143.1,123.8,118.6,90.4,122.1,138.5,147.2,123.6,140.5,124.1
PROT_95,130.2,158.3,120.2,103,155.1,134.2,148.7,130.8,94.8,120.8,140.8,114.9,105.8,140.5,110.3,142.9,123.3,123.2,125.5,144.4,133.3,134.1,80.3,112.1,151.1,105.3,164.1,135.3,114.5,166.5,108.6,97.9,97.1,103.2,106.9,112.6,96.6,92.9,108.1,162.8,127.4,71.7,100.1,113.9,149.1,97.4,117.5,120,130.5,135.7
PROT_96,133.4,146,157.6,140.1,138.5,142.6,149.1,151.6,122.1,162.4,124.4,152.9,121.6,105.5,141,125.8,123.7,87.7,144.9,126.6,118.6,113.1,165.4,84.3,152.6,156.7,146,109.6,144.9,96,98.7,103,133.1,98.2,99.7,120.6,151.2,112.8,123.9,154.7,135.2,116.6,98.7,171.7,159.6,126.1,90.2,97.6,131.3,137.3
PROT_97,119.7,130.7,160.7,141.3,117.9,170.6,117.5,135.8,144.2,160.1,78.7,135.5,94.1,104.8,118.9,153.8,93.6,119.3,119.9,130.1,91.5,107.9,130.9,99,126.9,144.6,111.8,127.2,128.7,144.7,137.2,97.6,164.6,88.8,85.9,106.9,120.2,130.5,87.9,103,105.5,150.8,129.5,128,118.2,113.4,116.3,144.7,126.9,138.9
PROT_98,123.3,142.4,117.5,148.1,130.6,152.7,167.9,131.5,102.2,106.7,137.3,136,105.4,114.1,122.6,101.2,137.5,153.1,136.8,127.4,151.5,142.1,166.3,134.7,169.1,123.9,142.4,140.8,116.6,119.1,114.9,145.9,109.1,91.9,105.4,111.9,135.9,156.5,175,126.5,163.2,124.1,126.2,128.9,128.4,141,104.8,113,106.3,114
PROT_99,146.3,91.2,119.2,130.8,149.3,134.5,142,135.9,71.7,109.2,100.8,144.8,111.4,156.6,94.9,120.7,126.9,142,112,129.8,105.1,147.8,137.6,142.8,111.2,118.6,146.8,129.9,111.6,143.4,131.8,106.5,98.3,131.1,130.8,112.5,128.9,104.7,131.8,148.7,110,134.6,92.9,119.5,117.3,142.2,119.3,130.1,117.4,145.2
PROT_100,89.2,115.3,118.8,123.2,134,164.3,131.2,98.3,82.9,146.8,96.3,114,108.3,75,158.6,144.6,120.6,133.2,103.4,151.2,132.9,124,143.9,141.8,100.5,113.7,111,101.4,149.8,132.2,108.3,122.8,98,129.6,112.2,146.3,100.2,135.8,153.5,116.5,156.3,70.2,130,117.3,140.6,101.1,157.4,109.8,144.9,108.2
