,Sample_1,Sample_3,Sample_4,Sample_5,Sample_7,Sample_9,Sample_13,Sample_14,Sample_16,Sample_17,Sample_18,Sample_19,Sample_21,Sample_23,Sample_25,Sample_28,Sample_29,Sample_30,Sample_31,Sample_32,Sample_33,Sample_36,Sample_38,Sample_39,Sample_40,Sample_42,Sample_43,Sample_45,Sample_48,Sample_49,Sample_50
ALB,8593.29398793696,10546.670426620472,8585.52280580795,9247.739573510418,5726.851707953874,11468.71192029245,11784.182283766373,7089.480743437441,11757.992702489833,9341.379787762547,11602.62222471856,11277.34990033429,12133.686798708944,8968.609865470851,9451.987490934047,9634.41473107554,10008.845396807686,9973.816717019132,10223.530068502436,11188.13374941439,10736.992344621774,6325.2744052867,8486.786764277209,7768.095493863286,9572.679398515324,11279.481366583144,7923.357807530723,10523.884930060703,12620.828919491525,8880.56642744055,9775.925292522095
 AGT,11049.678967507622,9394.513153124119,8577.314849014636,11910.327831179226,10443.539613962019,9413.901034573386,9688.310417380242,13324.710991888614,12834.938035458827,9170.351910218507,13183.339083826137,10160.473431525392,10259.572798116274,7404.688572203692,9069.852683132258,9420.66847163508,10144.315438006517,9256.79758308157,11060.870674737036,11061.086098604857,10380.173867912288,10741.642468312966,11659.962188408332,9876.464033477365,9548.88649197386,10834.029352105952,10946.641014566729,12569.279493269993,11064.949682203389,11331.763495648123,11120.214449915287
 APOA1,10709.18996043842,8951.375740240905,8692.226244121051,12948.420276877483,10777.670717682528,8505.961340883565,9052.209228360327,10338.826084179602,8511.082892643017,10343.114499091922,9428.133550514736,9338.328253096619,13639.385226535534,12543.287107224358,8991.865987662504,7829.4463180227685,9801.655922033005,10529.707955689826,9649.353652798713,9814.431025036327,8596.081484364864,8298.889437115287,8028.716821161167,11976.815962674662,9136.476111921835,10722.666348486657,12721.347520515135,7002.177355502772,7994.57097457627,10343.247956666051,8431.636135128902
 APOB,8123.094882936636,10272.73093501994,11015.07801662932,9905.46226811313,6379.5729338265,10903.24070755581,8783.08949454421,8885.801877754358,9877.356822529055,10212.807544772655,6772.208269476117,7096.819228889873,8657.765960002882,11019.261765316054,11245.68148673836,10053.990721829034,9538.684665588218,10642.497482376633,11316.060192827581,8321.621128024328,10055.79343454003,6713.526542695603,10885.407557321207,11103.005427245253,6527.187361208045,7127.232231635047,8528.014448937924,6985.682238057536,6488.347457627118,9185.961472004115,9791.834039946865
 B2M,10903.755107335106,10232.44571566692,8216.164750108755,10182.815211620296,12129.736114132967,12392.58038053823,12713.868636949326,11033.40358944881,9250.47819587546,10872.48650101395,6178.436454379869,10998.130783132065,12470.066234712755,9718.653751017346,9600.162212326575,10093.573362466157,9737.905314410027,11206.445115810673,8373.40606234599,8369.263997077906,10736.992344621774,9665.860504242464,10435.666158625458,12449.795977264894,8319.586320664934,11144.254862188282,10090.69849621108,10977.500659804698,7696.636652542373,9820.861696228374,9744.107797672552
 CALM1,9549.905960179,9918.221004713369,10497.976738650448,12766.1597711442,10723.277282193141,13627.059788625264,11718.941136174586,9364.820846905539,11050.745021137061,7777.696335931328,11570.526450929572,10090.668652224833,11973.506114897606,12064.535690918085,10645.183931621264,8668.598299529758,12734.183872690037,7282.980866062437,9426.062824469487,10386.14545367922,11710.13364473855,11518.14674313077,10260.766725799333,8337.274833454918,8501.998604149485,9569.263811001074,11755.46743099454,9055.81947743468,10262.18220338983,8952.896832731922,10953.172601955186
 CA2,10919.968869576494,11344.317769810255,9808.508368011951,9945.08411718558,11197.277220029215,8044.027110760675,11441.666258909496,9332.886248962128,10359.571150724125,9243.649572023098,10126.216630425188,9571.01085076514,12141.695832899512,9630.882658027864,9802.927620547935,10299.403093779194,9355.401668672153,9595.166163141992,13006.690750177437,10211.454933816112,8052.74425846633,8687.14157452419,10860.421924060332,9748.198266808826,11595.076454539687,8503.360776359224,6344.96839294829,9855.832673528635,10469.081038135591,12264.022052736904,8964.579173858747
 CAT,12379.207471301639,7936.1882125448155,9381.694614759548,8273.042086328085,11360.457526497372,9071.432553620209,12094.077734827357,11664.111898831196,15567.485895230899,12590.9094610993,10310.76732971186,12308.909416664728,9410.615173916178,13436.956417662735,10964.929383047252,8193.606611884292,13459.34703440142,9603.222557905336,8389.355407226649,8996.561772949966,10282.85973790061,9560.70888369422,11193.563700871999,12618.144796017348,8065.795317555992,10499.94034124806,11245.042993443009,8214.568487727633,8458.02436440678,10214.660569481393,11311.119419012544
 C3,8325.766910954017,10981.750795633083,9570.477621005803,6973.445436751643,9231.34305162714,8561.712023829432,8513.969760728092,11336.782269911224,10094.353270216836,12159.267674916726,10278.671555922874,10687.887319574038,10812.196157265396,8290.3786923703,9342.806117276392,9753.162652986906,9124.305716038854,11287.009063444106,11411.756262111534,10846.693187863772,10907.292072142209,12844.674879277854,9994.25330435,9884.480643894147,7891.314002918598,10507.894841506582,10247.75216930386,7604.249142253893,9906.316207627118,6067.717332776122,8877.081063022504
 SERPINA5,11949.542771904793,10393.586593078997,6426.83016916599,10174.890841805805,11329.375563360582,12249.221481534576,12558.920911418832,7097.464392923294,10512.272354652565,9618.282065690993,8738.074414051529,11564.325104125464,9698.94040477659,9152.13124172159,12696.234022475765,10742.72866891496,9323.526364860665,7742.19536757301,6523.282056189542,10910.217013268539,9115.09017776048,8169.472057978986,11018.664268045875,10918.623387659229,8565.446354926718,8089.72676291612,10805.292708783227,11769.266297176036,10824.947033898306,9177.924760305075,7723.696874726568
 CKM,10376.807834489915,9861.821697619143,8979.504731887091,10523.56311364339,7685.015385571753,11723.572185187835,10862.651074032392,10554.384620297631,11163.261697715912,8429.23110752767,13351.841896218315,12440.762888676893,9378.57903715391,11099.053668033766,8633.127188501641,11811.45996611726,7936.950649060873,9546.827794561932,11746.692504605375,11211.955183941176,8725.833657713767,10693.11095113685,13084.143284278207,9066.786381382222,8414.757946830785,9179.493298333531,9643.095527896658,9327.988915281077,8995.961334745763,13099.840069437192,10149.780857004223
 CYP3A4,7207.017316298075,11545.743866575353,8010.965830275869,10325.453868281125,11780.06402884406,10313.876344985223,9981.89558154328,12805.773775308171,8197.64357931622,11768.34681195892,10102.14480008345,7631.98920352747,8185.232942759434,9806.424844006831,10458.015862493858,12603.112778859704,8144.140123835554,10795.568982880159,9386.189462267837,10489.371669961964,10055.79343454003,11946.841811519764,10760.479391016832,10605.975581404671,10127.847217816128,11287.435866841666,10365.542424123445,12643.507521773558,8929.753707627118,13260.574303418016,12392.914243897008
 FTL,10782.151890524678,12456.18982395359,10694.96770169002,9945.08411718558,7700.556367140148,10066.980463367818,10650.617344359087,9668.19952736795,10986.449777377717,11410.002687580933,10848.37154067738,9594.27911053199,10435.77155030875,10468.69763656384,10013.491698316268,10038.157665574186,9570.559969399708,8209.466263846927,11411.756262111534,8901.276034842818,10680.225768781627,11857.867363363559,9569.497538915124,8457.523989706673,9191.992893851913,11184.02736348089,8952.05936628843,9459.949854842967,8797.33845338983,10921.891198997022,11390.663156136401
 FGA,8633.828393540436,10248.559803408129,11015.07801662932,7361.739557661678,9456.687284368882,11588.177669462162,11409.045685113602,12151.114517468226,8728.079340330798,11092.379486427715,9957.71381803301,12029.690299462503,8697.811130955719,6814.228492092623,8656.523197142567,8011.52646495353,13634.661205364611,9208.459214501509,10327.200810226721,7019.3827072266295,10931.62060464513,10401.921848080176,8295.230242610498,8425.457548039536,11587.145485692534,11836.296384679634,12006.75330794299,10086.764317761943,10311.837923728814,9467.246381470559,8471.40800369083
 GAST,11276.671638887086,9378.39906538291,12172.3999244868,10626.579921231765,11632.4247039443,7008.657284623163,9663.844987033322,6953.75870217794,10656.936653111085,8787.57523190566,9620.708193248654,10036.376046102181,7664.64572037258,7468.522094377861,11775.991015932681,10916.8922877183,9116.336890085984,11311.178247734138,12017.831367576577,7948.418653771329,11637.148047229794,9884.252331534974,13733.769749060957,10670.108464738938,7550.282342490959,8781.768285407468,9352.546232675017,9138.29506466086,11818.061440677966,11074.588721278804,8224.822418606873
 GCG,11082.1064919904,11650.485436893203,5606.034489834446,7868.89922578907,8687.408696733284,9167.005152955979,8832.020355238048,7752.1236507632375,7731.503062060984,8478.096215397396,8160.350485849775,8648.036546680009,14416.261543020528,10404.864114389671,10138.270411067871,10267.736981269494,9036.648630557258,9522.658610271903,6459.484676666906,12371.264997578153,8961.009471908656,8468.749747231683,9161.398862320832,10525.809477236835,12776.790812765688,9266.992801177266,9894.381404845106,7340.327263130114,10717.359639830507,11114.77227977401,9632.74656569915
 GPX1,8220.37745638498,8733.8355557346,10342.025559577454,7544.0000633949585,9293.506977900724,8521.890107439529,11531.372836848202,8662.259692150476,10825.71166797936,7061.008087175353,9652.803967037638,13324.956759817269,11180.611730031475,11242.67909292565,8305.58306752868,10623.980747003594,11204.16928973854,11818.731117824771,8453.152786749286,11640.741005423346,11523.614895549501,9204.811091069394,10527.280147248666,8609.83958762556,11095.42541716896,9791.989818239668,10695.35513761828,8478.490366851413,13911.877648305082,10544.165749142081,12719.043566104823
 HBA1,12533.23821259485,9821.536478266124,7050.634885457964,6775.33619138938,9674.261026326421,10512.985926934745,8905.416646278809,13125.11975474229,11918.73081188819,10204.663360127699,11763.10109366349,8865.206971170626,9690.931370586022,11482.054801078786,10387.82783657108,10813.97742206178,10128.377786100773,9031.218529707954,10406.947534630015,9981.181066723837,10753.211366290385,10547.516399608514,8228.601887248165,9684.065383474557,8850.961233424276,11287.435866841666,10899.524912638895,9847.585114806017,10907.70656779661,8920.749985935756,9052.07728469499
 HIST1H1B,5942.343861469614,8814.405994440638,8987.712688680407,9580.563105719018,8353.277593012774,10019.19416369993,9549.672978747696,10769.943156415662,8760.22696221047,11157.53296358735,10238.551838686639,11510.032498002809,10860.250362408797,9391.506949874727,8079.421650666395,10283.570037524343,10335.567260875454,9087.61329305136,8229.861958420059,8988.62129477437,9293.49941611522,12480.688500457007,9952.61058224854,11215.237973080222,8264.069538734853,8734.04128385634,8504.456397974007,8099.10266561098,8168.365995762712,7924.197735254645,9378.206606902808
 HIST1H2AB,13870.873597509564,8387.382669298633,11565.011121781456,8035.31099189337,9044.85127280639,9883.799647974256,11621.079414786907,7233.186434182794,10970.375966437881,9553.12858853136,8681.906809920803,10943.83817700941,8273.33231885567,9447.361281777126,9319.410108635466,8066.942161845501,8948.991545075663,7323.262839879154,7831.1283364035835,12927.098469869856,11191.124951342936,10628.402261568703,10485.637425147208,9227.118589717895,9755.091681999873,9266.992801177266,10499.038046252306,14779.625230931644,11122.881355932202,8904.676562537674,8081.643691783928
 HIST1H2BB,7506.971917763797,10031.019618901824,10358.441473164086,12251.075733202317,10241.506853572871,8227.207926154235,9394.725253217206,11480.487960656577,8141.385241026795,7142.449933624895,5793.287168912033,9920.03474726792,9298.48869524824,10516.57277819447,9615.759551420528,13719.34324482655,10160.253089912263,7935.548841893252,6650.876815234816,11418.407616506667,11264.110548851693,10960.034295605472,12226.303208988165,11014.822712660633,10151.640124357591,7365.867239390685,9493.894538458519,11101.214040643968,10800.119173728814,9740.49457923796,11565.659377808888
 HIST1H3A,10490.304170179648,12045.280586552793,8355.700015595117,9390.378230171245,11220.58869238181,13778.3830709069,13129.780952846962,12119.179919524815,10311.349717904619,12167.41185956168,8489.332167186885,9291.791733562914,12470.066234712755,9966.008649442256,9303.812769541515,9673.997371712663,8765.708548159599,9490.433031218527,9043.27854733367,9282.418987271412,11004.606202153886,11186.514709094,10585.579958190707,11527.885779334782,11103.356386016116,11637.433878216603,7994.031960422474,13130.113486408023,13216.69756355932,9499.393228266725,12973.583524901169
 HIST1H4A,10838.900058369542,7831.446642226967,8396.739799561696,9873.764788855167,9410.064339663691,9668.761299468773,9508.89726150283,6626.429073257968,10230.980663205439,9308.80304918273,11883.46024537219,10602.570367095579,10652.015473454056,8769.13010867657,8812.496588082073,11019.807153374815,10678.226776848966,9200.402819738167,11435.680279432525,10672.002668000667,14791.747761775012,4950.214751963505,12676.044607683914,7455.447687608725,12166.106211534803,11740.842381577377,8567.277867211118,8651.689100026393,10328.389830508473,10214.660569481393,8535.042993389916
 IGHA1,12127.894156560087,10949.522620150665,11655.298646507925,12060.890857654544,12020.949243154197,9931.585947642141,9973.740438094308,11592.259053458518,8687.894812981209,7337.910365103797,12934.596836961491,10152.71734493644,7232.157874081964,9997.925410529338,9116.644700414108,8510.26773698127,10829.63446995354,11383.685800604228,9800.872429164972,12236.276868593024,9220.513818606463,11469.615225954658,9452.897917031041,13339.639733527869,9318.888395406384,11541.979875114344,7412.9333699791905,7134.138295064661,7522.841631355933,6437.406070932017,9950.92151419458
 IGHG1,8406.83572216097,13423.035088426055,10276.361905230931,11260.529506391003,10738.818263761537,8864.358588392706,10405.96304088989,9380.788145877244,5891.051709449793,10489.7098227011,11947.651792950162,12549.348100922201,10403.735413546481,6838.166062907936,10840.150670295647,9784.828765496604,11475.109372136201,10441.08761329305,9976.315222852223,11759.848178057282,9115.09017776048,10232.06153796378,5363.582606667834,8217.025677203164,10952.667977920184,10062.442827029392,10585.417566453338,10672.34098706783,7663.532838983049,9836.935119626456,9417.978475464735
 IGHD,12241.39049224982,10272.73093501994,10900.166621522905,10959.403453440367,9153.638143785161,10966.955773779653,10830.0305002365,9284.98435204701,10632.825936701332,11410.002687580933,7582.626557648021,9602.035197120942,9314.506763629373,9064.360148732105,7127.983965935412,8502.351208853846,8383.204902421727,9538.77139979859,10327.200810226721,12553.895995616855,9512.456208641495,10215.884365571743,8395.172775653999,8906.454173046552,11269.906731806359,14230.60096249453,10184.930700066747,12791.963578780682,10154.594809322034,9981.595930209198,6395.316464758149
 IGHE,15143.65393345872,9885.992829230954,10760.631356036542,10127.344622918863,10031.703602399528,9469.651717519251,9101.140089054168,10386.72798109472,9539.806792792504,8942.314740159787,11562.502507482326,10788.716445230395,7824.826404183921,11529.929942709414,8789.100579441147,9887.743631153122,11204.16928973854,8934.541792547834,6906.066333325359,9711.204808753582,10153.107564551707,11097.540260937792,10110.852926234082,9499.683343888537,8065.795317555992,11327.208368134274,7279.437747850328,10029.031406703616,11586.33474576271,7707.206519380532,7254.38882569581
 IGHM,10709.18996043842,11005.921927244892,11983.616918240543,7528.151323765978,8570.851334970317,13348.306373895934,12289.801177602714,7704.22175384812,8744.153151270633,9944.049451489163,8617.715262342832,9020.32870294964,9682.922336395455,6550.915213124171,11050.714748063978,11843.126078626958,8773.67737411247,11544.813695871097,10654.162380280231,10584.657408069113,7663.487738419619,8404.041057663533,8828.257085509167,11030.8559334942,10920.944102531565,11899.932386747802,11480.623503082177,14532.1984692531,11826.337394067798,8084.931969235468,9425.932849177121
 INS,9476.944030092742,9273.65749506506,7764.727126476407,9968.857226629054,10886.457588661298,12695.226945101504,8204.074309667107,8662.259692150476,10930.191439088292,10896.919054948814,8368.973015478186,10222.522124236997,7600.573446848045,8880.838772481367,7572.508130113001,10046.07419370161,8877.272111499811,12012.084592145013,11363.908227469557,11998.062523325154,10063.902945374335,11356.375019210394,10152.49564833554,10141.012177231223,8026.140473320221,10141.987829614603,8983.470100906987,8725.917128529956,9600.105932203389,12665.857637688965,10014.556503893667
 IFNG,10806.472533886765,8911.090520887885,10145.034596537884,10903.932864738932,8904.982438690828,9190.898302789921,13227.64267423464,12917.544868110113,5601.723112532751,13120.281463021329,10045.977195952722,10253.546470592797,10107.401148495503,9048.401768188563,8898.2819530988,10426.067543817982,9905.250659420346,13421.953675730108,11650.99643532142,10854.633666039366,10323.407292072143,9601.151814674315,11926.475609857665,8249.0921188703,10897.151195990104,8901.08578928529,10561.85951548942,8247.558722618107,8350.436970338984,9844.971831325498,9179.347264093163
 KRT1,12589.986380439717,9354.227933771099,10292.777818817563,7654.941240797825,7778.261274982127,8545.783257273471,10846.340787134448,11592.259053458518,7900.2780769292585,9659.002988915763,9885.49832700779,12045.202472640407,9082.244772102933,9423.42371096181,11300.27217356719,11051.473265884513,4518.324315278629,9095.669687814701,9338.34142762586,12831.812731762706,10323.407292072143,9318.051297813656,11718.261999350372,9475.633512638185,9897.849121248651,10396.531837887285,11716.204012721348,13072.380575349696,8226.297669491525,6975.865754767779,8200.959297469715
 LTF,9663.402295868735,9136.687749264793,9053.37634302693,12029.193378396585,11453.703415907748,11699.679035353895,10854.49593058342,11376.700517340489,9266.552006815296,7565.947535162518,11225.49688269797,9198.718694495506,10171.473422020039,10676.156583629894,9030.859335397381,10481.483240709955,8893.209763405557,8426.9889224572,8907.709115848067,8639.240255048158,11872.32386142468,12610.105879593308,11360.134589277832,11848.550196006126,9334.750333100692,12870.381418287396,9878.676037535828,13905.384006334125,5875.926906779661,11629.121828512647,9489.567838876208
 LIPA,9639.081652506648,11602.14317366958,9004.12860226704,11109.966479915684,9347.900413390109,11651.892735686011,8318.246317952733,12694.002682506229,9861.283011589217,10709.602808114865,9564.540589117927,9648.571716654647,11428.89178993905,9606.94508721255,9186.832726336885,7639.449642964582,9116.336890085984,10602.215508559919,10981.12395033374,10386.14545367922,7922.992085117427,8897.44481562068,11535.034022103957,8160.909404285679,8858.89220227143,8336.316270930278,11323.5698299894,7167.128529955135,9484.242584745762,12095.251107057038,8924.80730529682
 LYZ,9233.737596471885,9966.563267936994,9307.823003619711,10642.428660860747,9790.818388089392,11930.64615041534,9965.585294645332,9811.905218113307,9539.806792792504,9830.030866459803,11586.574337824066,8368.817429477784,12494.093337284457,8529.754400523434,10637.385262074291,10687.31297202299,9793.687096080133,8185.297079556897,10805.681156646491,9758.847677807156,9074.542623588946,9293.7855392256,11443.420033480748,10702.174906406073,9977.158809720195,9346.53780376248,8724.3315403039,10292.953285827396,6968.352754237288,10295.027686471805,10324.777078676712
 MB,8990.531162851028,11175.119848527573,10834.502967176382,9683.579913307394,8920.523420259224,8784.714755612897,8350.866891748627,12845.692022737436,10399.755678073716,10155.798252257975,6531.48996605872,8578.231767379451,11637.126678893794,8027.065413401848,8820.295257629046,10077.740306211308,6430.842543967997,10304.128902316212,9848.720463806949,9750.907199631562,9528.675230310108,10223.97295176776,10735.493757755958,12097.065118926415,11341.285451430747,7739.728751541184,12438.650908948133,11249.670097651097,8797.33845338983,9499.393228266725,10324.777078676712
 OXT,11090.213373111097,10925.351488538854,10186.07438050446,8344.3614146585,10280.359307493862,9573.188700133003,9998.205868441226,10346.809733665454,10785.52714062977,11752.058442669011,11008.850409622311,7965.500926852349,6887.769403887585,11242.67909292565,11300.27217356719,9626.498202948116,11084.636900445455,8370.594159113796,10702.010414922208,10092.347761182178,7476.9689892305705,10563.69357200055,7553.989789204541,8714.055523043748,12237.484931159192,8153.36276498429,9415.367701912128,8618.69886513592,8408.368644067796,8703.758770061644,10332.731452389098
 PGA5,7920.422854919255,10143.818233090278,8569.106892221322,11625.050517857568,9643.179063189631,8274.994225822122,7592.438550994112,8103.404228140768,13132.303537845788,11686.904965509377,11402.023638537394,9020.32870294964,8137.178737616031,11641.63860651421,9966.699681034415,11098.97243464906,9761.811792268643,11504.53172205438,10566.440983436607,10918.157491444135,7549.954586739328,8436.395402447608,13159.100184060833,10461.676593902566,10500.602753632385,11398.798870460963,7491.46020652558,11026.986012140405,11693.922139830509,9965.522506811114,13991.743360086544
 PRTN3,12922.368506388222,11561.85795431656,11556.80316498814,8764.353014826496,10699.965809840547,11221.816038675042,9199.001810441845,8853.86727981095,10906.080722678538,8893.449632290063,11105.137730989272,9384.864772630322,10171.473422020039,10125.59245487768,11682.406981368978,12698.111116388798,11738.08062858099,7371.601208459214,9354.29077250652,11481.93144191143,7274.231218372908,7854.017196334254,8811.599996668583,7703.962610529015,12538.861747351057,10841.983852364476,11480.623503082177,6746.50303510161,9335.275423728814,10487.908767248795,11764.518720618533
 PRL,8577.080225695569,9894.049873101556,10317.401689197508,9849.991679411696,10225.965872004475,9780.262665360504,9639.379556686403,10761.95950692981,12256.28084162474,13405.327925594727,8938.673000232693,9679.596063010447,12686.310157858064,11170.866380479709,8765.704570800222,9016.925537136434,12726.215046737161,9627.391742195367,10351.12482754771,8448.668778833862,11702.024133904246,7093.690093908486,6646.178447392749,9355.384356386432,10381.638220925068,9513.582309191424,9572.421375004908,9451.702296120347,9823.556673728814,9611.9071920533,10754.313259145541
 F2,9241.84447759258,10401.6436369496,10079.37094219136,11403.168163051834,11531.408323749729,9549.29555029906,12085.922591378383,11240.978476080987,10520.309260122483,11067.946932492854,7871.488521748897,11564.325104125464,10876.268430789933,9838.341605093914,9483.182169121947,11360.217862854066,8614.300855055024,6888.21752265861,8333.532700144344,11982.181566973963,7841.896976774362,10418.099020472215,11351.806044857542,9146.952485550059,8517.860541843793,8010.181760330907,11888.963053123405,11076.471364476118,11007.018008474575,8020.6382756431385,11374.754408711631
 REN,10368.70095336922,11255.69028723361,7050.634885457964,11545.806819712663,7521.8350791035955,7351.12576557634,9582.29355254359,10091.33295011816,10825.71166797936,11581.030565124971,7759.153313487446,8275.744390410377,11092.512353935239,11641.63860651421,8562.939162578863,11668.962459823622,8845.396807688323,9482.376636455185,9330.366755185532,11648.68148359894,9853.055663682368,7158.398783476637,8969.842340654126,6533.537489678613,11095.42541716896,10977.210356759337,10726.765872236836,9410.464502507259,7249.735169491524,10142.330164190022,8542.997367102302
 RNASE1,7571.82696672936,10135.761189219673,9316.030960413025,11038.647151585272,10630.031392782768,9979.372247310026,7796.317137218443,11328.79862042537,10038.094931927411,10229.095914062562,10206.456064897655,9508.962158053533,9322.515797819942,10436.780875476758,10489.210540681759,8193.606611884292,10471.037302074285,10457.200402819737,10406.947534630015,7741.96622120584,11304.658103023228,10951.945709409454,8653.357652683042,10838.457283491392,11848.867457648628,7421.548741200334,7813.420236365778,7620.7442596991295,11627.714512711864,10391.468226860301,9298.66286977895
 ALB,11057.785848628315,9176.972968617813,7469.240681917051,13186.151371312199,11057.408385913655,9947.514714198105,9411.035540115152,12262.885610270167,10962.339060967965,8673.556646876297,12027.891227422628,11455.739891880152,8793.919541242522,12575.203868311444,9428.59148229312,8676.514827657182,10638.382647084603,9748.237663645517,10709.985087362538,11219.895662116773,7014.7268716751005,8541.547022995852,12442.845363915749,7896.361260531821,7486.834591713724,8726.08678359782,11527.739605010012,8899.115861704935,8855.270127118643,10608.459442734413,8622.54110422616
 HTR2A,9663.402295868735,10764.210611126775,14265.428906782236,10111.495883289883,7063.376122835918,10425.377710876955,8791.244637993183,12175.065465925785,9226.367479465705,9056.333325189147,10222.503951792147,9090.133482250196,11316.765311271114,7556.293187367346,9062.054013585283,7718.6149242388265,9857.437703703114,8966.767371601207,8995.430512691692,11481.93144191143,8555.53393019333,13305.724292450925,10210.79545927758,8497.607041790588,9057.16642345029,6952.233225947581,11127.252738623423,11216.679862760624,9144.92849576271,11950.590296474295,11167.940692189602
 SOM,9606.654128023867,11610.200217540183,8175.124966142179,11561.655559341645,10793.211699250925,10226.268128927435,10308.101319502211,8159.2897745417395,10640.862842171251,9887.040158974485,10768.132106204914,9113.40174201705,9298.48869524824,11649.617796785982,11347.06419084904,12840.608622682437,8678.051462678002,8958.710976837863,12320.8689203091,13546.455767566322,9033.995069417415,8679.05298832817,10593.908502610999,12634.178016850914,12031.279741133176,12432.883904068729,6478.464015077153,9286.751121667985,9393.207097457625,10817.413946909484,8264.5942871688
 TSHB,10279.525261041572,8951.375740240905,9365.278701172918,12132.210185984959,8780.65458614366,9756.369515526563,8750.468920748317,8302.995465287093,11757.992702489833,7875.42655167078,12300.705304629013,6724.52707262024,8049.079361519794,10724.03172526052,7642.6961560357795,10354.818790671165,9984.93891894907,7774.420946626384,11013.02264009506,8321.621128024328,8888.023874399896,9018.773608560961,8120.330809784374,12353.59665226349,9620.26521159825,10380.622837370242,9729.475048097689,8577.461071522828,9128.37658898305,9129.704490110827,10078.191493592754
 TF,8585.187106816265,11150.948716915762,12279.103362799899,9113.025286664079,8104.62188791844,11006.777690169558,6662.75219781116,9508.526537650892,8961.149598958418,12827.090815802974,8786.218074735008,11975.39769333985,8073.106464091495,9822.383224550373,12080.139128264718,12500.197913203187,9076.492760321622,13865.055387713996,13477.196424156878,10362.324019152433,12026.404567276504,12432.156983280893,6646.178447392749,11183.171531413087,10159.571093204746,11868.114385713718,9030.586202834818,11274.412773818949,9368.379237288134,12818.555159970749,13148.579746573656
 PRSS1,9647.188533627343,11722.998831728637,13255.850221204437,9786.596720895772,12759.145867653,12161.613265476784,10047.136729135067,10945.583445104427,11621.365309501229,11442.579426160748,11923.579962608423,10757.692098874591,7993.016122185826,8362.19140481624,8344.576415263555,7591.950474200036,9913.21948537322,10658.610271903324,11044.921329856377,8964.799860247584,10355.845335409369,13160.129740922584,9994.25330435,10942.67321890958,10897.151195990104,9171.538798075011,11127.252738623423,10433.161784111904,12049.788135593219,13099.840069437192,11788.38184175569
 GC,12687.268953888059,11070.378278209722,9201.119565306608,9350.756381098794,10816.523171603518,6833.440852507584,10520.135049175517,9947.627259372804,6453.635092344043,12395.449029620397,9741.067344957353,9927.79083385687,9763.012678301126,13309.289373314397,11097.506765345832,11003.974097119968,9753.842966315773,12157.099697885194,11156.56674402099,10584.657408069113,9415.142078629817,10199.707193179705,10277.423814639915,10814.407452241043,8993.718672673054,10181.760330907211,11323.5698299894,9204.275534441804,7448.358050847457,8631.428364770272,10706.587016871226
 VWF,8949.99675724755,11771.341094952259,6894.68370638497,7956.067293748465,7925.900599881888,9812.120198472428,9150.070949748007,10506.482723382513,10624.789031231414,12607.197830389212,7895.560352090639,9066.865222483344,9562.786823536951,10428.801685204984,12142.528484640517,13220.60197279881,9259.775757237685,10924.471299093655,9776.948411843983,8686.883124101734,9926.041261191125,11841.690190971522,11609.990921886583,9299.268083468949,12610.240466975447,9251.083800660224,8480.898347010092,9954.803378200053,9790.452860169491,5890.909675397215,11716.79247834422
 ACTB,10782.151890524678,7074.084518390201,12344.767017146423,7734.184938942731,9953.998694557547,8641.355856609242,8750.468920748317,9420.70639330651,10552.456882002156,10905.063239593768,11763.10109366349,9051.353049305444,10027.310806589834,9678.75779965849,9685.947577343306,9016.925537136434,12694.339742925675,9103.726082578045,8740.240994601148,11029.324185902475,11523.614895549501,9520.265952714126,9761.054060581833,10173.078618898358,11880.591333037244,13785.148948017342,9996.466292355411,7727.962523093165,10667.703919491525,11605.011693415525,9449.795970314277
 TPM1,11373.954212335431,10901.180356927043,9562.269664212488,10000.554705887016,9549.933173779256,9302.399668681654,10789.254782991635,10482.531774924955,9266.552006815296,8697.98920081116,10904.539144808108,11246.325553978486,12373.957824425952,10364.968163030815,11089.708095798855,9412.751943507656,9889.313007514602,13083.585095669685,11252.262813304944,8766.287905857691,8669.067081873623,11283.577743446223,8869.899807610625,10926.639998076014,8192.690819110463,9115.857296265362,11417.802033845066,12775.468461335446,8698.027012711864,9844.971831325498,8065.7349443591565
 TNNT2,9549.905960179,11400.717076904482,9710.012886492166,9968.857226629054,12300.686911385323,7367.0545321323025,12501.834907276021,8566.455898320242,6397.376754054618,9268.082125957959,8569.57160165935,10788.716445230395,6855.733267125317,7755.772944161627,10380.029167024106,11478.965784765434,10200.097219676623,6702.920443101711,9689.22701500036,7257.597052494501,9650.317892824705,11898.310294343652,11926.475609857665,10854.490504324962,11603.007423386844,10213.578331941297,9046.291570144096,10029.031406703616,11602.886652542371,12006.847278367586,12830.404798078225
 TTN,9541.799079058304,9781.251258913104,14027.398159776089,7773.806788015183,7086.687595188511,12981.944743108814,9574.138409094618,9923.676310915245,8872.743638789321,7671.821935546923,10045.977195952722,7996.525273208152,10203.509558782307,8824.98444057897,10551.599897057562,10964.391456482845,9921.18831132609,10416.91842900302,10502.64360391397,9449.169028958924,9585.441806150255,9326.139884009675,11368.463133698124,6132.706968839435,13680.921261341286,7612.4567474048445,8787.15300954101,11472.354183161784,10593.22033898305,11918.443449678132,8662.312972788088
 MYH7,10530.838575783126,6961.285904201747,11400.851985915146,11292.226985648967,10901.998570229696,10743.95304199619,9957.43015119636,11328.79862042537,10375.64496166396,10465.277268766236,10647.772954496215,8446.37829536729,10916.313601742768,9798.445653735058,11409.453547224843,10592.314634493898,9211.96280152045,7105.740181268881,12209.223506144486,9679.4428960512,11069.482288828338,11987.28474249986,6213.094137537582,10790.357620990691,10643.360192881162,8034.045261106472,12297.302603164631,11719.780944840328,9475.966631355932,10704.899983122907,8932.761679009203
 COL1A1,8487.904533367922,10449.985900173224,12328.351103559791,10935.630343996894,10373.605196904235,12289.043397924479,9508.89726150283,10434.629878009835,11926.767717358109,8697.98920081116,7999.871616904844,10393.156029193911,5654.378138540273,8019.086223130077,9381.799465011269,10370.651846926014,8948.991545075663,8934.541792547834,13206.057561185675,10147.931108411349,7631.049695082393,9018.773608560961,9977.596215509417,8746.12196471088,9612.334242751096,8980.6307918705,10970.199065530645,10342.438638163105,8126.986228813559,11637.158540211689,11032.716339079043
 ELN,12014.397820870354,10659.469040808926,7658.023688163305,10658.277400489727,8135.703851055233,11843.037934357548,9011.433511115461,9205.147857188478,10673.010464050923,9610.137881046037,11089.089844094777,10672.375146396134,10627.988370882355,10101.654884062365,12337.495223314902,11360.217862854066,11554.797631664926,10964.75327291037,11324.03486526791,7146.43035803616,8636.629038536395,11558.589674110865,10127.510015074664,11086.972206411685,8589.239261468181,13077.19842500895,16247.202481448037,8577.461071522828,9517.346398305084,9161.851336906991,8773.67420476149
 FN1,10190.349568713924,9942.392136325181,12681.293245672356,10103.571513475392,11228.359183166009,9071.432553620209,9810.63756911484,9915.692661429393,8551.267419992606,9927.761082199257,8039.9913341410775,8624.768286913157,11757.262191752297,10891.594720967716,9108.846030867135,8921.92719960734,11754.018280486735,10819.738167170191,11411.756262111534,11053.14562042926,12967.107824056055,8824.64753985651,8053.702454422041,5964.3581500869805,8938.201890742974,7349.9582388736435,9289.724763437904,10243.467933491687,9682.865466101694,10407.541650258383,9696.381555398237
 LAMA2,9387.768337765096,9612.053337630423,9849.548151978528,7211.176531186357,11166.195256892424,11046.599606559463,8530.280047626038,11432.586063741459,13019.786861266939,9935.90526684421,12958.66866730323,10563.789934150826,9594.822960299218,7939.294320412365,11869.575050496383,8850.67844646052,10582.600865414499,12439.073514602213,10335.175482667051,8321.621128024328,10428.830932918127,14510.923635657726,8553.415119639541,7848.26159803112,7978.554660237294,12194.248896313089,10624.68098472653,11884.732119292688,13713.25476694915,10286.990974772763,11024.761965366657
 ITGAV,9160.775666385629,8854.691213793658,9242.159349273184,10412.62193624052,12634.818015105833,10966.955773779653,6524.114759178614,8542.504949862683,11902.657000948355,11059.802747847898,12043.939114317121,8865.206971170626,13006.671525480742,11314.491805371592,10208.458436990648,11027.72368150224,11116.512204256946,10223.564954682779,9593.530945716406,11029.324185902475,10526.145062929807,9083.48229812911,9811.025327103582,8561.739925124857,8240.276632193389,9362.446804279522,10773.88197416467,9385.721826339404,10626.324152542373,10640.606289530579,11319.073792724932
 CDH1,9841.753680524029,7662.248720944284,8281.82840445528,8360.21015428748,11010.785441208465,9206.827069345882,9174.536380094927,7488.66321773009,12650.089209650716,10693.314438824958,10471.24619865679,8368.817429477784,10587.94319992952,6878.062014266792,10879.144018030524,7409.870327269273,10949.166859246627,10263.846928499495,10901.377225930444,11759.848178057282,12886.01271571299,7255.461817828863,11526.705477683667,11712.267818920804,8335.448258359242,9091.993795489798,9627.39016058738,11917.722354183163,11635.990466101694,9234.181742198365,10253.18771526524
 SELP,8577.080225695569,9813.479434395518,12779.78872719214,7670.789980426806,9775.277406520994,10274.054428595318,10903.426791277258,6985.693300121353,12352.723707263754,7867.282367025824,7598.674444542515,10594.814280506627,12053.596456803274,9335.652617972328,9436.390151840096,12547.697081967734,12917.4668696061,12326.283987915405,9497.834876432451,12593.598386494834,12139.937718956793,10183.530020787668,7570.646878045125,9635.965720973858,9651.989086986867,11199.936363997933,10239.89948564922,11406.37371338084,8880.097987288134,10503.982190646875,11207.71256075153
 CD79A,10182.242687593229,11868.025621399507,9652.557188938958,8360.21015428748,10723.277282193141,10935.098240667732,7298.853386831075,10801.877754359075,8599.488852812114,9846.319235749712,10920.5870317026,14395.296709092461,8177.223908568865,10548.489539281552,9023.060665850406,8122.357858737472,10351.504912781198,7887.210473313191,6156.447123934385,12093.348261432304,11945.30945893344,9091.57088432513,8220.273342827873,13179.307525192198,12578.516591586827,10285.168834267988,8465.192979700814,8684.679334916864,12058.064088983048,7225.003817438059,9378.206606902808
 HSP90AA1,9793.112393799856,12262.820771059096,11433.68381308841,9247.739573510418,11818.916482765051,10393.52017776503,8628.141769013719,9540.461135594303,9933.615160818477,12607.197830389212,6138.316737143637,7880.183974373889,11525.000200225855,10101.654884062365,9241.423413165714,10576.481578239047,9554.622317493962,7411.88318227593,11355.933555029227,9465.049985310114,7363.43583755028,10927.679950821397,11526.705477683667,11479.786116834079,8390.965040289322,10523.803842023626,8928.501315324513,8635.193982581157,11511.851165254237,10021.779488704404,7540.746279341696
 KRT5,12290.031778973991,10208.274584055109,7715.479385716514,11197.13454787508,9650.94955397383,7805.09561242125,10805.56506988958,10745.992207958103,8350.34478324466,7565.947535162518,11137.23350477826,10548.277760972926,9618.850062870919,9942.071078626941,9912.108994205588,11478.965784765434,10510.881431838647,9530.715005035245,10709.985087362538,11053.14562042926,10201.764629557545,11542.412501718825,8486.786764277209,13018.975316856528,9469.576803502317,14063.556457065586,12485.767010875967,6598.046978094484,12811.175847457627,12625.67407919376,7166.890714859566
 TUBB,8868.927946040598,8975.546871852715,10087.578898984677,9620.184954791472,12627.047524321635,11229.780421953023,12330.576894847582,13037.299610397908,10038.094931927411,11743.914258024057,11506.3349033516,7670.769636472223,9602.831994489785,10388.905733846128,10341.035819289229,9650.247787330389,8717.895592442364,8870.090634441085,6906.066333325359,12561.83647379245,11126.248864668483,11599.032605090959,11485.062755582207,8425.457548039536,11024.046697544572,9449.946307123255,11472.770819427538,11612.562681446294,13034.62658898305,6622.250440009967,12154.283032525436
 DYNC1H1,11228.030352162916,9434.798372477137,10481.560825063818,8685.10931668159,10124.949491809903,12926.19406016295,10838.185643685472,10745.992207958103,8720.042434860881,8315.212522498308,9845.378609771558,9268.523473796062,9010.16346438783,10971.386623685428,10637.385262074291,9697.746956094936,9514.7781877296,9498.489425981872,9003.405185132022,9790.609590509539,8287.920072661218,8355.50954048742,10377.366347683415,7912.39448136539,10722.669881352705,10547.667342799188,10993.757116494562,8750.659804697809,6794.557733050846,10688.826559724825,11533.841882959347
 KIF5B,8852.714183799208,10103.533013737258,9036.9604294403,10515.638743828897,10132.7199825941,8832.501055280783,9924.809577400467,7911.7966404802955,8752.190056740554,9707.86809678549,11161.305335119998,11168.764688088979,13174.861243482648,11210.762331838565,8430.361780280284,11233.553412815278,8709.92676648949,11496.475327291035,7655.685542716334,3906.715262393101,12472.42766316336,10442.364779060268,10352.38071442254,7639.829727194747,8359.241164900706,11207.890864256453,11669.087910793512,10697.08366323568,13332.560911016948,11050.47858618168,10523.636421486355
 MYH6,8171.736169660807,9515.368811183174,11212.068979668891,8906.991671487325,9821.900351226182,10664.309209216382,13170.556670091828,13396.563837261292,6927.812515069198,12753.793153998386,7791.249087276432,10641.35080004033,10619.97933669179,10325.072211671959,6114.156924828624,8082.775218100351,10351.504912781198,9450.15105740181,13150.23485410337,10005.002501250625,9553.003762813027,9641.594745654407,10527.280147248666,13051.041758523661,10119.916248968973,8566.996778427396,9533.157956731713,8437.252573238322,10171.146716101694,12778.371601475543,7938.464964960984
 TNNC1,11868.47396069784,8161.785440921724,9110.832040580139,9715.277392565356,9946.228203773351,10146.624296147626,10226.549885012479,9620.297630452835,10761.416424220019,8592.114800426754,8304.781467900215,14690.027999472588,8553.648515525514,13389.08127603211,9927.706333299539,12737.693757025922,9873.375355608856,11230.614300100704,10630.238362959242,10886.39557874175,7890.5540417802,12909.383568846004,8386.844231233708,10445.643373069,8866.823171118584,11422.662371236525,12069.574777180102,7422.802850356295,10344.941737288134,8350.14345530383,9290.708496066563
 VIM,10709.18996043842,9289.771582806266,11441.891769881726,9580.563105719018,8298.884157523387,12233.292714978612,10919.737078175207,11696.046496774607,8872.743638789321,10383.835422316695,10944.65886204434,8857.450884581676,9755.003644110557,9160.11043199336,8430.361780280284,10711.062556405264,8000.701256683852,12310.17119838872,8955.557150490044,12800.050819060321,8442.00077851304,11542.412501718825,8911.542529712084,8890.420952212986,9366.47420848931,9473.809807898819,11621.97180886568,9113.552388493008,9384.931144067798,7265.187375933265,9895.240898207881
 LDHA,11073.999610869705,8556.580590581314,6410.414255579359,9651.882434049432,10832.064153171916,9668.761299468773,9590.448695992563,9173.213259245067,10230.980663205439,8575.826431136848,11241.544769592463,9857.986054556313,11941.469978135336,8418.04573671864,12571.45530972416,9301.920549723714,9992.907744901942,13035.246727089627,12161.37547150251,7233.775617967713,8523.095886856105,8913.621988012717,9094.770506958499,11247.304414747357,10809.910538671405,9561.309310742554,10192.783383721388,9699.129057798891,9318.72351694915,10512.018902345919,11979.286810852947
 EGFR,9736.36422595499,9467.026547959553,9488.39805307265,8978.31099981774,11173.965747676622,10935.098240667732,14361.207613641924,6546.592578399439,11966.952244707698,11768.34681195892,7157.357554943952,7515.64790469321,9602.831994489785,11992.722978472144,7502.320104190225,11186.05424405073,11610.57941333503,11673.716012084591,11643.02176288109,7392.585181479628,9374.594524458285,11566.678260306882,8769.957274567125,7551.6470126101285,7756.487532516972,10865.847353140038,10923.08296360281,7018.672472948007,10096.663135593219,8993.080391227128,7787.331864425656
 GNAQ,10871.327582852324,11432.945252386899,10875.542751142959,9786.596720895772,8143.474341839429,10735.98865871821,11245.942816134138,9165.229609759213,11532.959349332134,8543.24969255703,11121.185617883764,11975.39769333985,11012.422012029569,6375.373027145206,9802.927620547935,10972.307984610268,9698.061184645667,9297.079556898289,10016.18858505387,11267.538531170347,10607.240171272872,7530.473748493501,9336.298295146957,9371.41757722,12229.553962312037,9569.263811001074,8253.17052102556,8800.14515703352,10369.769597457625,10158.403587588105,11342.936913862088
 JUN,7093.52098060834,10353.301373725977,10309.193732404192,11197.13454787508,7638.392440866564,11126.24343933927,6507.804472280667,9013.540269528008,11950.87843376786,9773.021573945123,11113.161674436518,8694.573066213712,7664.64572037258,9702.695370473803,8422.563110733308,10940.641872100572,10399.317868498432,13526.686807653574,11858.337918769987,7337.001834250459,10420.72142208382,9382.759987381807,11193.563700871999,10990.772881410281,12388.173339255123,12369.247902000558,11755.46743099454,12297.110055423595,8582.163665254237,9459.209669771517,7564.609400478853
 SLC2A1,13416.888254750633,10772.26765499738,9102.624083786823,11640.89925748655,10490.162558667205,8888.251738226649,9541.517835298724,9636.26492942454,12119.653448636138,12794.514077223159,10535.437746234766,7500.135731515307,10403.735413546481,10500.614397650927,10255.2504542725,9816.494878006302,8885.240937452683,8628.398791540783,9729.100377202007,9647.680983348817,7549.954586739328,10854.882675057226,10527.280147248666,8353.308054288485,10603.70534864539,9418.128306089171,11912.52110408732,7546.516231195566,11040.121822033898,9402.952687878229,9394.115354327578
 IGHG1,8325.766910954017,9845.707609877934,11647.09068971461,9398.302599985735,9549.933173779256,9350.185968349539,10463.049045032703,11105.256434821487,11589.217687621558,12110.402567046998,10070.049026294462,9687.352149599401,11404.864687367352,9088.29771954742,11167.694791268608,10323.152678161467,8470.861987903321,8467.270896273914,10733.909104683526,8083.406782756457,13534.773582457508,8468.749747231683,12392.874097393998,9162.985706383628,10286.466594759215,13498.786938710575,7004.593819937963,11035.233570863025,13266.353283898306,9459.209669771517,8582.769235664231
 GH1,8406.83572216097,10595.012689844094,10284.569862024247,12346.168170976205,7413.048208124825,9660.796916190793,11042.064229909805,9692.15047582551,10005.947310047739,8258.20322998363,9452.205380856474,8849.694797992726,12830.47277328827,10548.489539281552,11994.35376324799,8130.274386864898,9610.404099164069,10602.215508559919,11507.45233139549,8067.5258264052645,9293.49941611522,10838.70550266519,9811.025327103582,10966.723050159932,9065.097392297444,8384.043272481405,9847.265302917272,8412.509897070468,11230.468749999998,10407.541650258383,11533.841882959347
 IFNG,8706.790323626694,9233.37227571204,8798.929682434153,8677.1849468671,8757.343113791068,7749.344929475384,10511.979905726543,12031.35977518043,7498.432803433365,10147.65406761302,11843.340528135956,10090.668652224833,8313.377489808505,9423.42371096181,10263.049123819475,10038.157665574186,8678.051462678002,10723.061430010068,9473.910859111464,9179.192770988668,9163.747242766318,7506.207989905445,10177.481281596416,10477.709814736132,9596.472305056786,8328.361770671758,8826.416427814205,6581.551860649248,10162.870762711864,10897.781063899896,12782.678555803908
 HIST1H2BJ,7815.033400350218,10127.704145349071,8536.275065048058,8494.92444113382,9503.310229074068,7542.270964247881,10577.221053318328,11376.700517340489,7699.355440181313,8697.98920081116,6820.351930159596,11603.105537070218,9755.003644110557,10987.34500422897,11339.265521302064,10243.987396887222,9570.559969399708,9474.320241691841,8772.139684362466,9909.716763143477,10915.401582976516,10458.541951452307,9352.95538398754,9988.696579312335,9826.470401624263,8988.585292129022,10883.819545329616,6878.4639746635,10965.638241525423,9410.98939957727,10428.183936937727
 HNRNPA1,9785.005512679163,8943.318696370301,10686.759744896703,11030.722781770779,9627.638081621235,7367.0545321323025,7380.404821320807,8638.308743692918,9676.434185781107,6205.8686994551545,13111.12359280092,10121.692998580638,11132.557524888074,7572.251567910889,10068.082385145093,8969.426368371887,10949.166859246627,11206.445115810673,8373.40606234599,12268.038781295409,11491.176852212275,10118.821331219517,9452.897917031041,7086.683608436681,11634.731298775458,8527.224277134788,9156.229141309042,11191.937186592768,7862.155720338982,6991.939178165863,12305.416133060764
 SRSF2,8795.96601595434,7678.362808685492,11351.604245155255,8669.26057705261,10342.523233767444,10712.095508884266,8644.452055911665,6171.361052564349,9009.371031777922,7720.687043416648,11955.675736397408,9470.18172510878,8025.052258948093,11936.868646569745,10270.84779336645,9547.332921673871,10327.59843492258,8902.31621349446,13006.690750177437,8520.133082414222,8150.058388478008,9746.746366202653,12151.346309205543,13115.174641857928,11150.942199099041,12313.56640019091,8897.090580705955,11010.490894695171,10824.947033898306,10512.018902345919,8972.533547571133
 HSPA5,13165.574940009079,8927.204608629092,11696.338430474501,11387.319423422852,9852.982314362975,8282.958609100102,14353.052470192952,9851.823465542571,8703.968623921044,9479.83092672677,9091.12792573038,13511.102837952083,10347.672174212512,9838.341605093914,11401.654877677867,9903.576687407969,7403.039310218425,9909.365558912385,11052.896002296706,11291.359965697133,10201.764629557545,10037.93546925933,10693.8510356545,7319.165310523404,9913.71105894296,11597.661376923996,11284.306411716203,9765.109527579836,9840.108580508475,10584.349307637289,13737.203401290199
 RPL7,8341.980673195409,10603.069733714698,11507.555424228247,10967.327823254856,11958.785316880614,9716.547599136658,8375.332322095548,9245.066104617743,8559.304325462523,11230.830625391938,10631.725067601723,10532.765587795024,9634.868131252053,9391.506949874727,8274.388389340776,7401.953799141848,8853.365633641193,9869.083585095668,11722.768487284386,7344.942312426054,11718.243155572856,12707.168913945532,10144.167103915248,12040.948846008929,12134.382336146185,7644.274748438929,8630.099336448231,11958.960147796253,10344.941737288134,9435.099534674395,11024.761965366657
 CYCS,8666.255918023218,7766.9902912621355,9554.061707419172,11426.941272495305,13520.653964504398,11540.391369794277,10699.548205052928,8989.589321070449,8318.19716136499,8901.593816935017,9716.995514615612,9982.083439979524,8737.856301908552,11490.033991350558,8126.213667948247,7306.955461612755,9283.682235096301,9039.274924471298,8899.734443407737,11767.788656232877,7103.931490852472,9746.746366202653,7653.932322248042,9130.919264716493,10230.949812829134,12178.339895796047,11103.694687659508,8841.38295064661,9947.695974576272,5786.43242330968,10825.902622557012
 PEX5,9168.882547506322,9845.707609877934,12402.22271469963,12774.08414095869,9083.703726727379,7669.701096695575,9769.861851869975,9141.278661301654,7546.654236252873,9430.965818857045,9652.803967037638,12789.786785179673,9298.48869524824,9192.027193080447,11861.776380949408,9863.99404677085,12885.59156579461,12269.889224572002,7520.116111230732,10116.169195708966,11426.300765537824,9698.21484902654,8869.899807610625,10734.241348073208,8486.136666455173,8654.49628127113,10766.02929051003,8717.669569807338,6231.792902542373,8261.739626614375,7874.829975261899
 CTSD,6461.184253194111,8355.154493816217,9718.220843285482,9739.05050200883,9386.752867311097,10863.418791165903,7421.180538565674,10578.33556875519,7819.90902223008,8510.672953977211,11554.47856403508,9074.621309072296,7120.031395414027,12455.516014234876,12735.227370210641,10188.57169999525,12399.493182669396,9997.985901309163,9274.544048103226,10346.443062801241,7071.493447515247,7659.891127629803,10035.896026451459,11407.636623083028,10405.431127466532,7509.048244044069,12328.713337783187,13146.608603853261,12107.719809322034,10415.578361957423,7890.73872268667
 CALR,11009.144561904144,9684.566732465857,8437.779583528272,7322.117708589225,8695.179187517484,10321.840728263203,11710.785992725612,13596.155074407616,10464.050921833057,9219.217018088235,9700.94762772112,13239.63980733881,7928.94384866129,12463.495204506646,11978.756424154039,10584.39810636647,10080.564830383539,9071.50050352467,8062.393837173139,7146.43035803616,10226.093162060464,6163.502681366325,7753.87485529154,9026.703329298307,8946.132859590127,10810.16585133039,7232.321645922493,10226.97281604645,12662.208686440677,9949.449083413032,9219.11913265509
 GOLGB1,11276.671638887086,10812.552874350398,11269.524677222102,11846.932872663301,9223.572560842942,9087.36132017617,9492.586974604885,11041.387238934663,10407.792583543633,7207.603410784529,11602.62222471856,9951.059093623724,11156.584627459775,11833.139173036721,11877.37372004336,8779.429693313701,13156.53164819227,7605.236656596173,8907.709115848067,10449.669279083984,8936.680939405736,12254.20808696848,9228.027217683166,10317.37760640046,9366.47420848931,10539.712842540666,9941.49750677294,9542.425442069149,10460.805084745763,10303.064398170845,7111.210098872866
 CETN2,7782.605875867435,7734.762115779719,10046.539115018099,11498.260600825719,9254.654523979734,11612.070819296105,11058.374516807751,11225.01117710928,9837.172295179464,10603.72840773046,10278.671555922874,9035.840876127542,7800.799301612219,8441.983307533952,9264.819421806638,9531.499865419024,9148.212193897472,8878.14702920443,10351.12482754771,9727.085765104775,9909.822239522513,12238.030914576442,8769.957274567125,7583.713454277261,10000.95171626166,8996.539792387543,9580.274058659548,13715.69015571391,9608.381885593219,12424.756286717728,11072.488207640972
 KRT8,8374.408197678187,7903.9600370624,9578.685577799119,8074.932840965823,10358.064215335842,12273.114631368517,11050.219373358777,7065.529794979882,11757.992702489833,11605.463119059836,6507.418135716978,8896.23131752643,8946.091190863293,9646.841038571407,11058.513417610955,7900.695071169588,10311.660783016838,11254.783484390733,8197.963268658741,10830.812231512582,13769.949396652397,8517.281264407795,9944.28203782825,12866.659718937637,9897.849121248651,13140.834427077118,7161.647493030743,8775.402480865665,7696.636652542373,12714.077907883213,9489.567838876208
 PER1,9217.523834230493,10385.529549208395,12049.280572587068,8082.857210780314,12557.113107263855,9390.007884739443,7600.593694443087,8646.29239317877,6686.705350971662,10628.160961665322,6900.591364632061,7926.7204939075955,11765.271225942864,8689.338205958858,8960.671309474605,10133.156003103279,11315.732853078756,11770.392749244711,10383.023517309028,9584.157157944052,12010.18554560789,9123.925229109205,13433.942149930457,9892.497254310932,7304.422308229174,9386.310305055085,11111.547371314147,14367.24729480074,10195.974576271185,10286.990974772763,9592.974697137222
PTEN,10863.220701731629,10192.1604963139,10826.295010383066,9588.487475533508,9208.031579274548,9549.29555029906,9916.654433951493,11057.354537906369,10150.61160850626,12330.295552460764,9604.66030635416,8733.353499158466,9562.786823536951,8418.04573671864,9646.95422960843,6618.217514526829,9092.430412227366,8515.609264853978,9768.973739403655,8774.228384033286,12788.698585701311,7093.690093908486,9502.86918355279,11856.566806422908,12110.589429604719,7461.321242492941,8881.385213396677,8635.193982581157,10907.70656779661,10648.643001229619,11239.530055601073
 TP53,11617.160645956288,7605.849413850058,8560.898935428006,11934.100940622697,10707.736300624749,10146.624296147626,11482.441976154361,10027.463754231336,11412.405767283364,9512.407665306586,11048.970126858545,10765.448185463545,11813.325431086265,11067.136906946682,10403.425175665032,10109.406418721008,12009.02071097865,11359.516616314198,8732.266322160818,9917.657241319072,11653.367068898404,13265.281361470828,10435.666158625458,11279.37085641449,9596.472305056786,9847.671320049318,9313.28281440182,10070.269200316705,10229.078389830507,11291.579937152917,9871.377777070722
 ESR1,10555.15921914521,9684.566732465857,8454.195497114904,12290.69758227477,11554.719796102321,7550.235347525862,8628.141769013719,11217.027527623428,11484.737916512626,10041.779667228615,9885.49832700779,9733.888669133103,10676.042576025759,6407.2897882322895,11783.789685479656,10711.062556405264,9124.305716038854,13413.897280966765,8660.49427019785,7773.728133908224,7874.335020111587,9107.748056717166,7737.217766450958,8665.955860543045,12911.617283167312,5703.376685359743,7860.536338293611,12297.110055423595,9931.14406779661,10487.908767248795,10794.085127707469
 MAPK1,10814.579415007458,12697.901140071705,11499.34746743493,10975.252193069347,11585.801759239112,9724.511982414639,9916.654433951493,8422.750207574887,10110.427081156671,10074.356405808432,7036.998403235253,11238.569467389536,9498.714550012413,13197.580709509599,11900.769728684285,8676.514827657182,11546.828805712054,7734.1389728096665,7871.00169860523,8178.692520863605,10793.75892046192,9754.83495239867,9394.598106088999,9932.58030639485,12269.208806547807,9274.947301435786,7750.598767128667,13163.103721298496,8077.330508474575,10552.202460841127,10921.355107105644
 AKT1,9703.93670147221,12947.669500060425,11597.84294895472,9342.832011284305,9130.326671432567,11484.64068684841,7673.989985483845,8366.864661173915,12360.760612733673,7622.956827677196,9572.564532565173,9299.547820151865,7328.266284368768,10444.760065748527,9896.511655111637,10069.823778083884,10255.87900134673,11657.603222557904,10941.250588132092,7749.906699381436,13348.254833268458,8646.698643544096,10868.750468480624,7046.600556352763,8168.897912568999,11995.386389850059,10169.225332757469,9748.614410134602,11975.304555084746,10198.587146083311,11048.625086503816
 MTOR,9995.784421817238,9467.026547959553,12155.984010900165,10349.226977724597,13046.654026668324,8139.599710096446,8595.521195217825,9109.344063358243,8133.348335556878,11198.253886812121,12284.657417734517,10610.32645368453,12133.686798708944,13269.393421955541,13187.550203935209,11146.471603413609,9291.651061049173,9595.166163141992,9162.898633938612,11585.157658194177,8847.476320228365,9051.127953345036,13034.172017756458,14029.068229371256,10032.675591650277,9871.534820824882,9910.086772154384,10589.865399841648,9351.827330508475,8543.024536080819,9067.986032119761
 STAT3,11860.367079577145,9603.99629375982,10736.007485656597,11831.084133034321,11034.09691356106,5710.462810312282,9084.82980215622,12502.395094845757,9700.54490219086,10334.97031444697,11393.99969509015,8686.816979624762,8417.494934285874,10979.365813957198,8672.120536236516,10283.570037524343,8893.209763405557,11552.870090634438,10510.6182763543,8456.609257009457,7971.649150123265,9099.65947052115,8719.986008045375,10565.892529320752,11793.350675718546,10706.757347969615,7295.143115159606,9674.386381631037,10767.015360169491,9435.099534674395,11549.750630384118
 SRC,7231.33795966016,9571.768118277403,10112.202769364623,10618.655551417274,10194.883908867683,6602.47373744614,8832.020355238048,5987.73711438973,11621.365309501229,9821.886681814849,10687.892671732448,8019.7935329750035,10644.006439263489,11482.054801078786,7837.662894710163,8027.35952120838,11937.3012774028,10650.553877139977,8636.570252876863,9750.907199631562,7947.320617620347,11833.601604775504,11310.163322756083,12305.496989762789,9239.57870693484,5584.059181481924,10208.488751030665,11596.067564001056,9086.996822033898,11645.19525191073,8606.632356801389
